cell,rep,seed,r2_ci_low,r2_ci_high,chi2_ci_low,chi2_ci_high,ci_reliable,n_effective,base_converged,n_items_per_group,n_raters,n_categories,thresholds,trait_slope,rater_sd,mu_focal,dif_uniform,dif_nonuniform,po_violation,conditioner_reliability,n_items_focal,conditioner,block
0,0,40260702,0.00035500950622356945,0.02252066298682371,0.05751097081524552,3.9020813976162603,True,200,True,25,3,5,"(2.0, 0.8, -0.8, -2.0)",1.0,0.5,0.0,0.0,0.0,0.0,1.0,,external,s2_cluster_stress_bootstrap
0,1,40260703,1.8912335232965822e-05,0.0072180711621433425,0.0036452297596836487,1.35830463130316,True,200,True,25,3,5,"(2.0, 0.8, -0.8, -2.0)",1.0,0.5,0.0,0.0,0.0,0.0,1.0,,external,s2_cluster_stress_bootstrap
0,2,40260704,1.6068702734593236e-05,0.0038995499183495583,0.003233204774857379,0.9308038171312233,True,200,True,25,3,5,"(2.0, 0.8, -0.8, -2.0)",1.0,0.5,0.0,0.0,0.0,0.0,1.0,,external,s2_cluster_stress_bootstrap
0,3,40260705,3.895992208733288e-05,0.01666889928818043,0.007600518427087738,2.8297917286048864,True,200,True,25,3,5,"(2.0, 0.8, -0.8, -2.0)",1.0,0.5,0.0,0.0,0.0,0.0,1.0,,external,s2_cluster_stress_bootstrap
0,4,40260706,1.3758052076766184e-05,0.004837782579376933,0.002572079437728192,1.0374725857421871,True,200,True,25,3,5,"(2.0, 0.8, -0.8, -2.0)",1.0,0.5,0.0,0.0,0.0,0.0,1.0,,external,s2_cluster_stress_bootstrap
0,5,40260707,2.7429902039083508e-05,0.02087253820193866,0.005229374969595706,3.834255186539245,True,200,True,25,3,5,"(2.0, 0.8, -0.8, -2.0)",1.0,0.5,0.0,0.0,0.0,0.0,1.0,,external,s2_cluster_stress_bootstrap
0,6,40260708,6.092439974934155e-05,0.011899251599696261,0.01081964616969865,2.041364660291338,True,200,True,25,3,5,"(2.0, 0.8, -0.8, -2.0)",1.0,0.5,0.0,0.0,0.0,0.0,1.0,,external,s2_cluster_stress_bootstrap
0,7,40260709,0.0012754445835638944,0.04496758377351618,0.25730254833577093,9.028354067644448,True,200,True,25,3,5,"(2.0, 0.8, -0.8, -2.0)",1.0,0.5,0.0,0.0,0.0,0.0,1.0,,external,s2_cluster_stress_bootstrap
0,8,40260710,4.601702018462733e-05,0.010786765391908634,0.007571957156570589,2.12191377755275,True,200,True,25,3,5,"(2.0, 0.8, -0.8, -2.0)",1.0,0.5,0.0,0.0,0.0,0.0,1.0,,external,s2_cluster_stress_bootstrap
0,9,40260711,0.00012228747095813184,0.03816744952481451,0.020191629600255268,7.661661533803788,True,200,True,25,3,5,"(2.0, 0.8, -0.8, -2.0)",1.0,0.5,0.0,0.0,0.0,0.0,1.0,,external,s2_cluster_stress_bootstrap
0,10,40260712,6.61591829849493e-05,0.006580904437246101,0.01335848551217436,1.3310078477159093,True,200,True,25,3,5,"(2.0, 0.8, -0.8, -2.0)",1.0,0.5,0.0,0.0,0.0,0.0,1.0,,external,s2_cluster_stress_bootstrap
0,11,40260713,9.38155192937587e-05,0.046686859979205506,0.015031202944531053,8.412235128033931,True,200,True,25,3,5,"(2.0, 0.8, -0.8, -2.0)",1.0,0.5,0.0,0.0,0.0,0.0,1.0,,external,s2_cluster_stress_bootstrap
0,12,40260714,0.0002773950504901894,0.038367267199760795,0.050437239561854794,6.932843478037843,True,200,True,25,3,5,"(2.0, 0.8, -0.8, -2.0)",1.0,0.5,0.0,0.0,0.0,0.0,1.0,,external,s2_cluster_stress_bootstrap
0,13,40260715,0.0015410369822215012,0.07656727326098438,0.2506679179743992,12.509431893817966,True,200,True,25,3,5,"(2.0, 0.8, -0.8, -2.0)",1.0,0.5,0.0,0.0,0.0,0.0,1.0,,external,s2_cluster_stress_bootstrap
0,14,40260716,1.7172452821246677e-05,0.0038887488753116856,0.003102844803403045,0.728689375870243,True,200,True,25,3,5,"(2.0, 0.8, -0.8, -2.0)",1.0,0.5,0.0,0.0,0.0,0.0,1.0,,external,s2_cluster_stress_bootstrap
0,15,40260717,0.0009334172585233213,0.07078193422077991,0.1672413780053849,12.772090776476109,True,200,True,25,3,5,"(2.0, 0.8, -0.8, -2.0)",1.0,0.5,0.0,0.0,0.0,0.0,1.0,,external,s2_cluster_stress_bootstrap
0,16,40260718,2.43647762269231e-05,0.01417071173547048,0.004168840424119014,2.876832501470383,True,200,True,25,3,5,"(2.0, 0.8, -0.8, -2.0)",1.0,0.5,0.0,0.0,0.0,0.0,1.0,,external,s2_cluster_stress_bootstrap
0,17,40260719,2.1692243922375664e-05,0.007831867878612129,0.004356926741786373,1.5755683139547574,True,200,True,25,3,5,"(2.0, 0.8, -0.8, -2.0)",1.0,0.5,0.0,0.0,0.0,0.0,1.0,,external,s2_cluster_stress_bootstrap
0,18,40260720,6.485112183382717e-05,0.02021834764237017,0.014286744797884488,4.048734661034259,True,200,True,25,3,5,"(2.0, 0.8, -0.8, -2.0)",1.0,0.5,0.0,0.0,0.0,0.0,1.0,,external,s2_cluster_stress_bootstrap
0,19,40260721,0.0009266419022964384,0.05846681618364893,0.15602551450669894,13.1989721342743,True,200,True,25,3,5,"(2.0, 0.8, -0.8, -2.0)",1.0,0.5,0.0,0.0,0.0,0.0,1.0,,external,s2_cluster_stress_bootstrap
0,20,40260722,5.098085098532401e-06,0.0007583139114132923,0.000820424749041662,0.13053670634482153,True,200,True,25,3,5,"(2.0, 0.8, -0.8, -2.0)",1.0,0.5,0.0,0.0,0.0,0.0,1.0,,external,s2_cluster_stress_bootstrap
0,21,40260723,0.0005621459851580999,0.03780506116854261,0.11241275852544252,7.470633910098555,True,200,True,25,3,5,"(2.0, 0.8, -0.8, -2.0)",1.0,0.5,0.0,0.0,0.0,0.0,1.0,,external,s2_cluster_stress_bootstrap
0,22,40260724,1.7603191479861525e-05,0.0036884337973754544,0.003454462191725159,0.6696518700661537,True,200,True,25,3,5,"(2.0, 0.8, -0.8, -2.0)",1.0,0.5,0.0,0.0,0.0,0.0,1.0,,external,s2_cluster_stress_bootstrap
0,23,40260725,2.5460915127839545e-05,3.700926500555344e-05,0.00434005944140381,0.006432156706311122,True,200,True,25,3,5,"(2.0, 0.8, -0.8, -2.0)",1.0,0.5,0.0,0.0,0.0,0.0,1.0,,external,s2_cluster_stress_bootstrap
0,24,40260726,6.67539005300507e-05,0.011114861892944576,0.011891752355835481,1.9796099057760892,True,200,True,25,3,5,"(2.0, 0.8, -0.8, -2.0)",1.0,0.5,0.0,0.0,0.0,0.0,1.0,,external,s2_cluster_stress_bootstrap
0,25,40260727,2.0061262396474293e-05,0.013737198566497525,0.0035726706949252693,2.579537108499942,True,200,True,25,3,5,"(2.0, 0.8, -0.8, -2.0)",1.0,0.5,0.0,0.0,0.0,0.0,1.0,,external,s2_cluster_stress_bootstrap
0,26,40260728,0.00014372597538456637,0.015411544483993074,0.025078011343358398,2.5938618319487983,True,200,True,25,3,5,"(2.0, 0.8, -0.8, -2.0)",1.0,0.5,0.0,0.0,0.0,0.0,1.0,,external,s2_cluster_stress_bootstrap
0,27,40260729,0.00040984408247439984,0.050554152891497825,0.06731824696929563,8.481762187700138,True,200,True,25,3,5,"(2.0, 0.8, -0.8, -2.0)",1.0,0.5,0.0,0.0,0.0,0.0,1.0,,external,s2_cluster_stress_bootstrap
0,28,40260730,2.5305348369737553e-05,0.0011015350420411334,0.004441012525553121,0.16309914775975953,True,200,True,25,3,5,"(2.0, 0.8, -0.8, -2.0)",1.0,0.5,0.0,0.0,0.0,0.0,1.0,,external,s2_cluster_stress_bootstrap
0,29,40260731,3.643956272032761e-05,0.037136874487761394,0.006146222913731967,6.225034527298979,True,200,True,25,3,5,"(2.0, 0.8, -0.8, -2.0)",1.0,0.5,0.0,0.0,0.0,0.0,1.0,,external,s2_cluster_stress_bootstrap
0,30,40260732,0.00244404659218482,0.07201907910718373,0.35811694176990655,13.192591125632052,True,200,True,25,3,5,"(2.0, 0.8, -0.8, -2.0)",1.0,0.5,0.0,0.0,0.0,0.0,1.0,,external,s2_cluster_stress_bootstrap
0,31,40260733,2.703200926540719e-05,0.037217927469800134,0.005041889640803716,6.2221446552505615,True,200,True,25,3,5,"(2.0, 0.8, -0.8, -2.0)",1.0,0.5,0.0,0.0,0.0,0.0,1.0,,external,s2_cluster_stress_bootstrap
0,32,40260734,1.5544217514213708e-05,0.019383727585819768,0.003359534478998173,3.546598588791723,True,200,True,25,3,5,"(2.0, 0.8, -0.8, -2.0)",1.0,0.5,0.0,0.0,0.0,0.0,1.0,,external,s2_cluster_stress_bootstrap
0,33,40260735,5.8572980755485194e-05,0.02533144528440888,0.013234268237184425,5.224091204792739,True,200,True,25,3,5,"(2.0, 0.8, -0.8, -2.0)",1.0,0.5,0.0,0.0,0.0,0.0,1.0,,external,s2_cluster_stress_bootstrap
0,34,40260736,0.0001916137038376042,0.04144924704214618,0.041077578522921654,8.15395211329097,True,200,True,25,3,5,"(2.0, 0.8, -0.8, -2.0)",1.0,0.5,0.0,0.0,0.0,0.0,1.0,,external,s2_cluster_stress_bootstrap
0,35,40260737,2.4901560843343512e-05,0.013138665620059707,0.004148765248958367,2.41818039786567,True,200,True,25,3,5,"(2.0, 0.8, -0.8, -2.0)",1.0,0.5,0.0,0.0,0.0,0.0,1.0,,external,s2_cluster_stress_bootstrap
0,36,40260738,7.753755827596267e-06,0.0008292813596703557,0.0012815733850692183,0.16410725829577286,True,200,True,25,3,5,"(2.0, 0.8, -0.8, -2.0)",1.0,0.5,0.0,0.0,0.0,0.0,1.0,,external,s2_cluster_stress_bootstrap
0,37,40260739,2.0643092353019917e-05,0.009172494646594986,0.003420913413396635,1.445885715457482,True,200,True,25,3,5,"(2.0, 0.8, -0.8, -2.0)",1.0,0.5,0.0,0.0,0.0,0.0,1.0,,external,s2_cluster_stress_bootstrap
0,38,40260740,4.621018362071209e-05,0.03406421624590114,0.01109839810838533,7.366867900408293,True,200,True,25,3,5,"(2.0, 0.8, -0.8, -2.0)",1.0,0.5,0.0,0.0,0.0,0.0,1.0,,external,s2_cluster_stress_bootstrap
0,39,40260741,0.0015053309176732991,0.09805869271699862,0.3608274426007431,23.246492195034723,True,200,True,25,3,5,"(2.0, 0.8, -0.8, -2.0)",1.0,0.5,0.0,0.0,0.0,0.0,1.0,,external,s2_cluster_stress_bootstrap
0,40,40260742,0.0021614298524534467,0.0700081871953908,0.38464159276115767,13.631669163514568,True,200,True,25,3,5,"(2.0, 0.8, -0.8, -2.0)",1.0,0.5,0.0,0.0,0.0,0.0,1.0,,external,s2_cluster_stress_bootstrap
0,41,40260743,6.992088796677878e-05,0.007517895080648547,0.016148758411207047,1.6358218516370608,True,200,True,25,3,5,"(2.0, 0.8, -0.8, -2.0)",1.0,0.5,0.0,0.0,0.0,0.0,1.0,,external,s2_cluster_stress_bootstrap
0,42,40260744,7.178272953002673e-05,0.011711900268558475,0.017810601831878967,2.6629108922064613,True,200,True,25,3,5,"(2.0, 0.8, -0.8, -2.0)",1.0,0.5,0.0,0.0,0.0,0.0,1.0,,external,s2_cluster_stress_bootstrap
0,43,40260745,0.00019739871976195216,0.02851335999426159,0.041109404983450636,5.716409853341396,True,200,True,25,3,5,"(2.0, 0.8, -0.8, -2.0)",1.0,0.5,0.0,0.0,0.0,0.0,1.0,,external,s2_cluster_stress_bootstrap
0,44,40260746,0.0004475881682860239,0.05085513840826754,0.06286231429105643,9.948648378263142,True,200,True,25,3,5,"(2.0, 0.8, -0.8, -2.0)",1.0,0.5,0.0,0.0,0.0,0.0,1.0,,external,s2_cluster_stress_bootstrap
0,45,40260747,9.96925369839023e-05,0.04005433493742843,0.022131377546404197,9.045118479536315,True,200,True,25,3,5,"(2.0, 0.8, -0.8, -2.0)",1.0,0.5,0.0,0.0,0.0,0.0,1.0,,external,s2_cluster_stress_bootstrap
0,46,40260748,0.0021360574995556232,0.07687349813368478,0.2299986746538078,14.721730626402767,True,200,True,25,3,5,"(2.0, 0.8, -0.8, -2.0)",1.0,0.5,0.0,0.0,0.0,0.0,1.0,,external,s2_cluster_stress_bootstrap
0,47,40260749,4.799618331053405e-05,0.013682483717349156,0.009313255637128481,3.0920311269399168,True,200,True,25,3,5,"(2.0, 0.8, -0.8, -2.0)",1.0,0.5,0.0,0.0,0.0,0.0,1.0,,external,s2_cluster_stress_bootstrap
0,48,40260750,0.01572275270350792,0.13727500588643926,2.980529216870689,26.4645274479629,True,200,True,25,3,5,"(2.0, 0.8, -0.8, -2.0)",1.0,0.5,0.0,0.0,0.0,0.0,1.0,,external,s2_cluster_stress_bootstrap
0,49,40260751,1.0344300923531791e-05,0.015505338355622835,0.001610085954403946,2.715110385226678,True,200,True,25,3,5,"(2.0, 0.8, -0.8, -2.0)",1.0,0.5,0.0,0.0,0.0,0.0,1.0,,external,s2_cluster_stress_bootstrap
1,0,40360702,1.4453833436777248e-05,0.0017888804906248893,0.011295618287622086,1.3504531041641241,True,200,True,100,3,5,"(2.0, 0.8, -0.8, -2.0)",1.0,0.5,0.0,0.0,0.0,0.0,1.0,,external,s2_cluster_stress_bootstrap
1,1,40360703,2.985605341143411e-05,0.010079149188115049,0.02242799036603686,7.304360055326783,True,199,True,100,3,5,"(2.0, 0.8, -0.8, -2.0)",1.0,0.5,0.0,0.0,0.0,0.0,1.0,,external,s2_cluster_stress_bootstrap
1,2,40360704,0.0004215348173636627,0.010706268671220528,0.33616276810518103,8.85426031847633,True,200,True,100,3,5,"(2.0, 0.8, -0.8, -2.0)",1.0,0.5,0.0,0.0,0.0,0.0,1.0,,external,s2_cluster_stress_bootstrap
1,3,40360705,3.5305032166515345e-06,0.0029238582274215045,0.0026705965879202727,2.186933909952157,True,200,True,100,3,5,"(2.0, 0.8, -0.8, -2.0)",1.0,0.5,0.0,0.0,0.0,0.0,1.0,,external,s2_cluster_stress_bootstrap
1,4,40360706,3.909139516392537e-06,0.0020575622144838133,0.002979173019209917,1.4815760415975863,True,200,True,100,3,5,"(2.0, 0.8, -0.8, -2.0)",1.0,0.5,0.0,0.0,0.0,0.0,1.0,,external,s2_cluster_stress_bootstrap
1,5,40360707,8.584664290548825e-05,0.007738009042378093,0.06798079131138247,6.02376112429379,True,199,True,100,3,5,"(2.0, 0.8, -0.8, -2.0)",1.0,0.5,0.0,0.0,0.0,0.0,1.0,,external,s2_cluster_stress_bootstrap
1,6,40360708,2.7451179035074152e-05,0.0003941365086509881,0.018686082676618126,0.2722698549309451,True,200,True,100,3,5,"(2.0, 0.8, -0.8, -2.0)",1.0,0.5,0.0,0.0,0.0,0.0,1.0,,external,s2_cluster_stress_bootstrap
1,7,40360709,2.376305393701958e-05,0.007051331886598715,0.016189666352153374,4.85869202020786,True,200,True,100,3,5,"(2.0, 0.8, -0.8, -2.0)",1.0,0.5,0.0,0.0,0.0,0.0,1.0,,external,s2_cluster_stress_bootstrap
1,8,40360710,0.0003238132456963195,0.02070467112907637,0.23273180332709487,15.400462417915712,True,200,True,100,3,5,"(2.0, 0.8, -0.8, -2.0)",1.0,0.5,0.0,0.0,0.0,0.0,1.0,,external,s2_cluster_stress_bootstrap
1,9,40360711,0.0014531177659569841,0.029820794696267958,0.9032610610455005,21.06904707643279,True,200,True,100,3,5,"(2.0, 0.8, -0.8, -2.0)",1.0,0.5,0.0,0.0,0.0,0.0,1.0,,external,s2_cluster_stress_bootstrap
1,10,40360712,0.0005935959008120789,0.028408644015498887,0.27799664135603813,18.601081199150762,True,200,True,100,3,5,"(2.0, 0.8, -0.8, -2.0)",1.0,0.5,0.0,0.0,0.0,0.0,1.0,,external,s2_cluster_stress_bootstrap
1,11,40360713,2.298408584453654e-05,0.004396691214789803,0.01704039497688504,3.4751818920315025,True,200,True,100,3,5,"(2.0, 0.8, -0.8, -2.0)",1.0,0.5,0.0,0.0,0.0,0.0,1.0,,external,s2_cluster_stress_bootstrap
1,12,40360714,6.502829790775643e-05,0.00806660894175906,0.05001994139145252,6.490575084029402,True,200,True,100,3,5,"(2.0, 0.8, -0.8, -2.0)",1.0,0.5,0.0,0.0,0.0,0.0,1.0,,external,s2_cluster_stress_bootstrap
1,13,40360715,6.253956644136361e-05,0.013028640213980432,0.04344222402017006,9.603396266714185,True,200,True,100,3,5,"(2.0, 0.8, -0.8, -2.0)",1.0,0.5,0.0,0.0,0.0,0.0,1.0,,external,s2_cluster_stress_bootstrap
1,14,40360716,1.6490002915715635e-05,0.0072978181163109975,0.011533660048299293,5.555264732664506,True,200,True,100,3,5,"(2.0, 0.8, -0.8, -2.0)",1.0,0.5,0.0,0.0,0.0,0.0,1.0,,external,s2_cluster_stress_bootstrap
1,15,40360717,2.0569862404870297e-05,0.012206601732712334,0.014767494797012573,8.805553086442048,True,200,True,100,3,5,"(2.0, 0.8, -0.8, -2.0)",1.0,0.5,0.0,0.0,0.0,0.0,1.0,,external,s2_cluster_stress_bootstrap
1,16,40360718,3.989541243761062e-05,0.008098672887584715,0.028410898219357633,5.755425148342675,True,200,True,100,3,5,"(2.0, 0.8, -0.8, -2.0)",1.0,0.5,0.0,0.0,0.0,0.0,1.0,,external,s2_cluster_stress_bootstrap
1,17,40360719,3.144701163303635e-05,0.001783631068158772,0.026328834031855743,1.3295804164429426,True,200,True,100,3,5,"(2.0, 0.8, -0.8, -2.0)",1.0,0.5,0.0,0.0,0.0,0.0,1.0,,external,s2_cluster_stress_bootstrap
1,18,40360720,2.1780244223042622e-05,0.00503321639595617,0.015808649269221355,3.61136605508618,True,200,True,100,3,5,"(2.0, 0.8, -0.8, -2.0)",1.0,0.5,0.0,0.0,0.0,0.0,1.0,,external,s2_cluster_stress_bootstrap
1,19,40360721,7.1655551195917855e-06,0.0003047507644445254,0.005417150707599006,0.23738160486049606,True,200,True,100,3,5,"(2.0, 0.8, -0.8, -2.0)",1.0,0.5,0.0,0.0,0.0,0.0,1.0,,external,s2_cluster_stress_bootstrap
1,20,40360722,1.6359768228450303e-05,0.004533971089788806,0.011523199149259552,3.25622784913547,True,200,True,100,3,5,"(2.0, 0.8, -0.8, -2.0)",1.0,0.5,0.0,0.0,0.0,0.0,1.0,,external,s2_cluster_stress_bootstrap
1,21,40360723,1.8620303624459174e-05,0.0003476254564832127,0.012455097207262133,0.24510140432463406,True,200,True,100,3,5,"(2.0, 0.8, -0.8, -2.0)",1.0,0.5,0.0,0.0,0.0,0.0,1.0,,external,s2_cluster_stress_bootstrap
1,22,40360724,2.7443626903469316e-05,0.0032340812359996896,0.018399733352518894,2.1461052224507977,True,200,True,100,3,5,"(2.0, 0.8, -0.8, -2.0)",1.0,0.5,0.0,0.0,0.0,0.0,1.0,,external,s2_cluster_stress_bootstrap
1,23,40360725,2.856757951381611e-05,0.009411923608284514,0.021375779914246974,6.78719736890942,True,200,True,100,3,5,"(2.0, 0.8, -0.8, -2.0)",1.0,0.5,0.0,0.0,0.0,0.0,1.0,,external,s2_cluster_stress_bootstrap
1,24,40360726,0.0003074749057820075,0.015237742817518616,0.21227017344884322,10.843630710700552,True,199,True,100,3,5,"(2.0, 0.8, -0.8, -2.0)",1.0,0.5,0.0,0.0,0.0,0.0,1.0,,external,s2_cluster_stress_bootstrap
1,25,40360727,5.598420979687128e-05,0.006146811070542261,0.03990744027646807,4.300986544643841,True,200,True,100,3,5,"(2.0, 0.8, -0.8, -2.0)",1.0,0.5,0.0,0.0,0.0,0.0,1.0,,external,s2_cluster_stress_bootstrap
1,26,40360728,2.212007154967258e-08,9.310539199756982e-05,1.6345911211445443e-05,0.06043415446677652,True,200,True,100,3,5,"(2.0, 0.8, -0.8, -2.0)",1.0,0.5,0.0,0.0,0.0,0.0,1.0,,external,s2_cluster_stress_bootstrap
1,27,40360729,5.204204801008634e-05,0.011417824181046485,0.033277672779520914,7.815289318799952,True,200,True,100,3,5,"(2.0, 0.8, -0.8, -2.0)",1.0,0.5,0.0,0.0,0.0,0.0,1.0,,external,s2_cluster_stress_bootstrap
1,28,40360730,1.077737231102425e-05,0.005414426983006545,0.007364229287003363,3.8194868786364014,True,199,True,100,3,5,"(2.0, 0.8, -0.8, -2.0)",1.0,0.5,0.0,0.0,0.0,0.0,1.0,,external,s2_cluster_stress_bootstrap
1,29,40360731,2.3828339881630367e-05,0.003651098434234948,0.017952374354039673,3.0264418910254793,True,200,True,100,3,5,"(2.0, 0.8, -0.8, -2.0)",1.0,0.5,0.0,0.0,0.0,0.0,1.0,,external,s2_cluster_stress_bootstrap
1,30,40360732,0.00012454757597580993,0.01251280651750273,0.08295817769290617,8.384299935904998,True,199,True,100,3,5,"(2.0, 0.8, -0.8, -2.0)",1.0,0.5,0.0,0.0,0.0,0.0,1.0,,external,s2_cluster_stress_bootstrap
1,31,40360733,0.0002101319651291239,0.019738089027124272,0.15849885104110928,15.895123423026032,True,200,True,100,3,5,"(2.0, 0.8, -0.8, -2.0)",1.0,0.5,0.0,0.0,0.0,0.0,1.0,,external,s2_cluster_stress_bootstrap
1,32,40360734,1.061459725434656e-06,0.0033098641680329296,0.0007796309580824705,2.3323059563340656,True,200,True,100,3,5,"(2.0, 0.8, -0.8, -2.0)",1.0,0.5,0.0,0.0,0.0,0.0,1.0,,external,s2_cluster_stress_bootstrap
1,33,40360735,0.0019376904221003212,0.023916462527591494,1.4074701560214569,17.974352791021847,True,200,True,100,3,5,"(2.0, 0.8, -0.8, -2.0)",1.0,0.5,0.0,0.0,0.0,0.0,1.0,,external,s2_cluster_stress_bootstrap
1,34,40360736,0.00029593266676679634,0.01668457179128918,0.2582323416586208,12.913831293386712,True,200,True,100,3,5,"(2.0, 0.8, -0.8, -2.0)",1.0,0.5,0.0,0.0,0.0,0.0,1.0,,external,s2_cluster_stress_bootstrap
1,35,40360737,8.569510859120885e-05,0.021065839977010566,0.06369139404748506,16.388577284759222,True,200,True,100,3,5,"(2.0, 0.8, -0.8, -2.0)",1.0,0.5,0.0,0.0,0.0,0.0,1.0,,external,s2_cluster_stress_bootstrap
1,36,40360738,2.134352876237039e-06,0.0004280604584656886,0.0017024003844077966,0.31639618064189484,True,200,True,100,3,5,"(2.0, 0.8, -0.8, -2.0)",1.0,0.5,0.0,0.0,0.0,0.0,1.0,,external,s2_cluster_stress_bootstrap
1,37,40360739,0.0002755174907449462,0.017436082480267782,0.20423459755078205,13.201895859259832,True,200,True,100,3,5,"(2.0, 0.8, -0.8, -2.0)",1.0,0.5,0.0,0.0,0.0,0.0,1.0,,external,s2_cluster_stress_bootstrap
1,38,40360740,3.0046682523710557e-05,0.0009608759494299892,0.024228804217410152,0.7609876043658476,True,200,True,100,3,5,"(2.0, 0.8, -0.8, -2.0)",1.0,0.5,0.0,0.0,0.0,0.0,1.0,,external,s2_cluster_stress_bootstrap
1,39,40360741,8.396885440610229e-05,0.014704453132795012,0.05660542690910248,10.124082955892716,True,200,True,100,3,5,"(2.0, 0.8, -0.8, -2.0)",1.0,0.5,0.0,0.0,0.0,0.0,1.0,,external,s2_cluster_stress_bootstrap
1,40,40360742,1.1879396548186007e-05,0.007779048200438614,0.00983256190166211,6.152934185908751,True,200,True,100,3,5,"(2.0, 0.8, -0.8, -2.0)",1.0,0.5,0.0,0.0,0.0,0.0,1.0,,external,s2_cluster_stress_bootstrap
1,41,40360743,1.6549011085921596e-05,0.003128172240643268,0.011821303905198005,2.248027548998952,True,200,True,100,3,5,"(2.0, 0.8, -0.8, -2.0)",1.0,0.5,0.0,0.0,0.0,0.0,1.0,,external,s2_cluster_stress_bootstrap
1,42,40360744,0.0007538012972832561,0.02061853900925529,0.6268932236166957,17.044611982750112,True,200,True,100,3,5,"(2.0, 0.8, -0.8, -2.0)",1.0,0.5,0.0,0.0,0.0,0.0,1.0,,external,s2_cluster_stress_bootstrap
1,43,40360745,0.00024301337539779077,0.005957375971162651,0.175473379923474,4.371028294992176,True,199,True,100,3,5,"(2.0, 0.8, -0.8, -2.0)",1.0,0.5,0.0,0.0,0.0,0.0,1.0,,external,s2_cluster_stress_bootstrap
1,44,40360746,1.2269390361904451e-05,0.002972113252727652,0.009287105788329416,2.2294776551285684,True,200,True,100,3,5,"(2.0, 0.8, -0.8, -2.0)",1.0,0.5,0.0,0.0,0.0,0.0,1.0,,external,s2_cluster_stress_bootstrap
1,45,40360747,0.0006884466398003426,0.023934806426558035,0.5122115655391941,17.244124787139324,True,200,True,100,3,5,"(2.0, 0.8, -0.8, -2.0)",1.0,0.5,0.0,0.0,0.0,0.0,1.0,,external,s2_cluster_stress_bootstrap
1,46,40360748,2.3392392012357836e-05,0.010164231798169337,0.017394364832911013,7.851310892451209,True,200,True,100,3,5,"(2.0, 0.8, -0.8, -2.0)",1.0,0.5,0.0,0.0,0.0,0.0,1.0,,external,s2_cluster_stress_bootstrap
1,47,40360749,1.4127785016221602e-06,0.0035021946745238267,0.0010212799994024366,2.54019287942497,True,200,True,100,3,5,"(2.0, 0.8, -0.8, -2.0)",1.0,0.5,0.0,0.0,0.0,0.0,1.0,,external,s2_cluster_stress_bootstrap
1,48,40360750,2.130211640739968e-05,0.0048236680012560575,0.016693289981749362,3.6197354628763203,True,200,True,100,3,5,"(2.0, 0.8, -0.8, -2.0)",1.0,0.5,0.0,0.0,0.0,0.0,1.0,,external,s2_cluster_stress_bootstrap
1,49,40360751,0.0007836369887689244,0.017817321304774716,0.6329871445051681,15.62352390824232,True,200,True,100,3,5,"(2.0, 0.8, -0.8, -2.0)",1.0,0.5,0.0,0.0,0.0,0.0,1.0,,external,s2_cluster_stress_bootstrap
2,0,40460702,0.0029148214924927026,0.051411574304337605,0.5008404360726578,8.656710359204546,True,200,True,25,3,5,"(2.0, 0.8, -0.8, -2.0)",1.0,1.5,0.0,0.0,0.0,0.0,1.0,,external,s2_cluster_stress_bootstrap
2,1,40460703,6.073720130429509e-05,0.013221277266897882,0.013218549059802454,2.944571083919993,True,200,True,25,3,5,"(2.0, 0.8, -0.8, -2.0)",1.0,1.5,0.0,0.0,0.0,0.0,1.0,,external,s2_cluster_stress_bootstrap
2,2,40460704,0.0034264901613584894,0.0992198447820781,0.5156342789103588,16.473322536944885,True,200,True,25,3,5,"(2.0, 0.8, -0.8, -2.0)",1.0,1.5,0.0,0.0,0.0,0.0,1.0,,external,s2_cluster_stress_bootstrap
2,3,40460705,0.0001117028215527487,0.03226972971750906,0.020433614173089993,5.742851511266604,True,200,True,25,3,5,"(2.0, 0.8, -0.8, -2.0)",1.0,1.5,0.0,0.0,0.0,0.0,1.0,,external,s2_cluster_stress_bootstrap
2,4,40460706,0.0003122759709165543,0.019462716400368223,0.05102218072882527,2.9011232783488987,True,200,True,25,3,5,"(2.0, 0.8, -0.8, -2.0)",1.0,1.5,0.0,0.0,0.0,0.0,1.0,,external,s2_cluster_stress_bootstrap
2,5,40460707,5.392110585396003e-05,0.02365269572606951,0.00843237464654445,3.516291203711812,True,200,True,25,3,5,"(2.0, 0.8, -0.8, -2.0)",1.0,1.5,0.0,0.0,0.0,0.0,1.0,,external,s2_cluster_stress_bootstrap
2,6,40460708,7.966826190260174e-06,0.01040095081029329,0.0016228945549475993,2.0065596989909227,True,200,True,25,3,5,"(2.0, 0.8, -0.8, -2.0)",1.0,1.5,0.0,0.0,0.0,0.0,1.0,,external,s2_cluster_stress_bootstrap
2,7,40460709,0.0009391969569366178,0.05850416111206776,0.14834565456828439,9.532945733246182,True,200,True,25,3,5,"(2.0, 0.8, -0.8, -2.0)",1.0,1.5,0.0,0.0,0.0,0.0,1.0,,external,s2_cluster_stress_bootstrap
2,8,40460710,0.00029500516284538506,0.04457440774028501,0.041992537059517644,7.839104495550464,True,200,True,25,3,5,"(2.0, 0.8, -0.8, -2.0)",1.0,1.5,0.0,0.0,0.0,0.0,1.0,,external,s2_cluster_stress_bootstrap
2,9,40460711,0.00011250894720133161,0.023556431566471386,0.015860728205754078,3.565228968629945,True,200,True,25,3,5,"(2.0, 0.8, -0.8, -2.0)",1.0,1.5,0.0,0.0,0.0,0.0,1.0,,external,s2_cluster_stress_bootstrap
2,10,40460712,0.0005260230357094439,0.058427527206172954,0.11432512666445052,11.852532476924788,True,200,True,25,3,5,"(2.0, 0.8, -0.8, -2.0)",1.0,1.5,0.0,0.0,0.0,0.0,1.0,,external,s2_cluster_stress_bootstrap
2,11,40460713,0.00018214924929649056,0.05050196203644122,0.029647013509831285,8.597493390993588,True,200,True,25,3,5,"(2.0, 0.8, -0.8, -2.0)",1.0,1.5,0.0,0.0,0.0,0.0,1.0,,external,s2_cluster_stress_bootstrap
2,12,40460714,4.652629917560342e-05,0.01798330890267863,0.007136019338351441,2.8422566435770715,True,200,True,25,3,5,"(2.0, 0.8, -0.8, -2.0)",1.0,1.5,0.0,0.0,0.0,0.0,1.0,,external,s2_cluster_stress_bootstrap
2,13,40460715,0.00015116118244206251,0.023508385964559227,0.02700254983251959,4.084754618302564,True,200,True,25,3,5,"(2.0, 0.8, -0.8, -2.0)",1.0,1.5,0.0,0.0,0.0,0.0,1.0,,external,s2_cluster_stress_bootstrap
2,14,40460716,5.4552526190326014e-05,0.0022475855009132586,0.009494242757228433,0.46256019525931974,True,200,True,25,3,5,"(2.0, 0.8, -0.8, -2.0)",1.0,1.5,0.0,0.0,0.0,0.0,1.0,,external,s2_cluster_stress_bootstrap
2,15,40460717,9.745883602648352e-05,0.0007014899028980529,0.02134603274978889,0.21995823322785274,True,200,True,25,3,5,"(2.0, 0.8, -0.8, -2.0)",1.0,1.5,0.0,0.0,0.0,0.0,1.0,,external,s2_cluster_stress_bootstrap
2,16,40460718,0.0005573113252406899,0.03485230542394749,0.09812281723976256,6.334495081237632,True,200,True,25,3,5,"(2.0, 0.8, -0.8, -2.0)",1.0,1.5,0.0,0.0,0.0,0.0,1.0,,external,s2_cluster_stress_bootstrap
2,17,40460719,9.324429406166464e-05,0.0034992204016475077,0.015005553791680346,0.5437116020246819,True,200,True,25,3,5,"(2.0, 0.8, -0.8, -2.0)",1.0,1.5,0.0,0.0,0.0,0.0,1.0,,external,s2_cluster_stress_bootstrap
2,18,40460720,0.00013831491692211916,0.023557622031182595,0.02476083275552194,4.185653297262075,True,200,True,25,3,5,"(2.0, 0.8, -0.8, -2.0)",1.0,1.5,0.0,0.0,0.0,0.0,1.0,,external,s2_cluster_stress_bootstrap
2,19,40460721,3.55786801258501e-05,0.013521768943112892,0.005794855137840205,2.3647957465212475,True,200,True,25,3,5,"(2.0, 0.8, -0.8, -2.0)",1.0,1.5,0.0,0.0,0.0,0.0,1.0,,external,s2_cluster_stress_bootstrap
2,20,40460722,0.0004929424508239842,0.05105405961819559,0.07091910322075524,9.958798545156839,True,200,True,25,3,5,"(2.0, 0.8, -0.8, -2.0)",1.0,1.5,0.0,0.0,0.0,0.0,1.0,,external,s2_cluster_stress_bootstrap
2,21,40460723,0.0012725191305628953,0.05093690416922886,0.22232933085706227,10.250461521172872,True,200,True,25,3,5,"(2.0, 0.8, -0.8, -2.0)",1.0,1.5,0.0,0.0,0.0,0.0,1.0,,external,s2_cluster_stress_bootstrap
2,22,40460724,0.0005090431065812306,0.04009712538475982,0.08815726611955815,7.123816468902783,True,200,True,25,3,5,"(2.0, 0.8, -0.8, -2.0)",1.0,1.5,0.0,0.0,0.0,0.0,1.0,,external,s2_cluster_stress_bootstrap
2,23,40460725,9.765799169993119e-06,0.0026226511839456635,0.001492172908155948,0.3445941811281924,True,200,True,25,3,5,"(2.0, 0.8, -0.8, -2.0)",1.0,1.5,0.0,0.0,0.0,0.0,1.0,,external,s2_cluster_stress_bootstrap
2,24,40460726,2.4475544401994115e-05,0.010222551515862953,0.0036851016691483275,1.5625149767010598,True,200,True,25,3,5,"(2.0, 0.8, -0.8, -2.0)",1.0,1.5,0.0,0.0,0.0,0.0,1.0,,external,s2_cluster_stress_bootstrap
2,25,40460727,0.0001194725770550487,0.02791678481580729,0.01886375072016354,4.60593059434517,True,200,True,25,3,5,"(2.0, 0.8, -0.8, -2.0)",1.0,1.5,0.0,0.0,0.0,0.0,1.0,,external,s2_cluster_stress_bootstrap
2,26,40460728,0.00030364424583189244,0.04879032801253242,0.05438814676642248,8.472278477112003,True,200,True,25,3,5,"(2.0, 0.8, -0.8, -2.0)",1.0,1.5,0.0,0.0,0.0,0.0,1.0,,external,s2_cluster_stress_bootstrap
2,27,40460729,0.0001248977675031293,0.0001784304855248386,0.02331779895098407,0.03370467455901201,True,200,True,25,3,5,"(2.0, 0.8, -0.8, -2.0)",1.0,1.5,0.0,0.0,0.0,0.0,1.0,,external,s2_cluster_stress_bootstrap
2,28,40460730,0.00010408321240516596,0.018653384517519484,0.016126037419066583,3.0054792971538764,True,200,True,25,3,5,"(2.0, 0.8, -0.8, -2.0)",1.0,1.5,0.0,0.0,0.0,0.0,1.0,,external,s2_cluster_stress_bootstrap
2,29,40460731,3.589739294727338e-05,0.03141787979686482,0.006566785525545819,4.968444204587167,True,200,True,25,3,5,"(2.0, 0.8, -0.8, -2.0)",1.0,1.5,0.0,0.0,0.0,0.0,1.0,,external,s2_cluster_stress_bootstrap
2,30,40460732,0.0020697384886278797,0.06892242441970906,0.40686009495866093,13.384121845158106,True,200,True,25,3,5,"(2.0, 0.8, -0.8, -2.0)",1.0,1.5,0.0,0.0,0.0,0.0,1.0,,external,s2_cluster_stress_bootstrap
2,31,40460733,2.5392308394140168e-05,0.013454545424634775,0.004048078069536685,2.09364829337868,True,200,True,25,3,5,"(2.0, 0.8, -0.8, -2.0)",1.0,1.5,0.0,0.0,0.0,0.0,1.0,,external,s2_cluster_stress_bootstrap
2,32,40460734,2.3315054693869133e-05,0.022524479229642666,0.003487154176455009,3.4727598021083166,True,200,True,25,3,5,"(2.0, 0.8, -0.8, -2.0)",1.0,1.5,0.0,0.0,0.0,0.0,1.0,,external,s2_cluster_stress_bootstrap
2,33,40460735,0.00037514974092702153,0.051880951073384966,0.07438251422412055,9.962974591248397,True,200,True,25,3,5,"(2.0, 0.8, -0.8, -2.0)",1.0,1.5,0.0,0.0,0.0,0.0,1.0,,external,s2_cluster_stress_bootstrap
2,34,40460736,0.0002090598101204607,0.009797455367159374,0.034036188588299,1.7367069216299313,True,200,True,25,3,5,"(2.0, 0.8, -0.8, -2.0)",1.0,1.5,0.0,0.0,0.0,0.0,1.0,,external,s2_cluster_stress_bootstrap
2,35,40460737,0.00032656347751296096,0.04109132442055704,0.06434085136791917,7.343241084661603,True,200,True,25,3,5,"(2.0, 0.8, -0.8, -2.0)",1.0,1.5,0.0,0.0,0.0,0.0,1.0,,external,s2_cluster_stress_bootstrap
2,36,40460738,1.0052386413333854e-06,0.007480410205358864,0.00016628711091901618,1.0932264526529412,True,200,True,25,3,5,"(2.0, 0.8, -0.8, -2.0)",1.0,1.5,0.0,0.0,0.0,0.0,1.0,,external,s2_cluster_stress_bootstrap
2,37,40460739,3.9377511435214904e-05,0.009502633119927287,0.006455920983934679,1.6220951390277982,True,200,True,25,3,5,"(2.0, 0.8, -0.8, -2.0)",1.0,1.5,0.0,0.0,0.0,0.0,1.0,,external,s2_cluster_stress_bootstrap
2,38,40460740,1.2356048677959423e-05,0.0038335334900282255,0.002117764266286704,0.7089388959451486,True,200,True,25,3,5,"(2.0, 0.8, -0.8, -2.0)",1.0,1.5,0.0,0.0,0.0,0.0,1.0,,external,s2_cluster_stress_bootstrap
2,39,40460741,5.686150635552784e-05,0.03256704882177083,0.012221971420879952,5.874756402469578,True,200,True,25,3,5,"(2.0, 0.8, -0.8, -2.0)",1.0,1.5,0.0,0.0,0.0,0.0,1.0,,external,s2_cluster_stress_bootstrap
2,40,40460742,2.3215417640124165e-05,0.016323799784366395,0.003938680227846142,2.716383505434187,True,200,True,25,3,5,"(2.0, 0.8, -0.8, -2.0)",1.0,1.5,0.0,0.0,0.0,0.0,1.0,,external,s2_cluster_stress_bootstrap
2,41,40460743,0.0003313430874309817,0.03359334633038019,0.05973821933675355,6.246697133185199,True,200,True,25,3,5,"(2.0, 0.8, -0.8, -2.0)",1.0,1.5,0.0,0.0,0.0,0.0,1.0,,external,s2_cluster_stress_bootstrap
2,42,40460744,1.2508491651111798e-05,0.007758086726699802,0.0027193815000003813,1.4583416094636532,True,200,True,25,3,5,"(2.0, 0.8, -0.8, -2.0)",1.0,1.5,0.0,0.0,0.0,0.0,1.0,,external,s2_cluster_stress_bootstrap
2,43,40460745,0.00016496339694374205,0.023106433849885834,0.026145491899429642,4.2315163637710445,True,200,True,25,3,5,"(2.0, 0.8, -0.8, -2.0)",1.0,1.5,0.0,0.0,0.0,0.0,1.0,,external,s2_cluster_stress_bootstrap
2,44,40460746,6.650724625253338e-05,0.0018787518004530557,0.014481641623240508,0.37791588834524215,True,200,True,25,3,5,"(2.0, 0.8, -0.8, -2.0)",1.0,1.5,0.0,0.0,0.0,0.0,1.0,,external,s2_cluster_stress_bootstrap
2,45,40460747,8.988447534831237e-06,0.0006200386031773912,0.0018498156305251097,0.10881631216494761,True,200,True,25,3,5,"(2.0, 0.8, -0.8, -2.0)",1.0,1.5,0.0,0.0,0.0,0.0,1.0,,external,s2_cluster_stress_bootstrap
2,46,40460748,0.0021022294957818073,0.09227167766392633,0.3489731706376147,15.001528280682317,True,200,True,25,3,5,"(2.0, 0.8, -0.8, -2.0)",1.0,1.5,0.0,0.0,0.0,0.0,1.0,,external,s2_cluster_stress_bootstrap
2,47,40460749,1.8235820802960655e-05,0.021446517261227562,0.0034323784342567046,4.478260718754038,True,200,True,25,3,5,"(2.0, 0.8, -0.8, -2.0)",1.0,1.5,0.0,0.0,0.0,0.0,1.0,,external,s2_cluster_stress_bootstrap
2,48,40460750,7.181654750188261e-05,0.004632367852607369,0.013726046133493187,0.968301969728049,True,200,True,25,3,5,"(2.0, 0.8, -0.8, -2.0)",1.0,1.5,0.0,0.0,0.0,0.0,1.0,,external,s2_cluster_stress_bootstrap
2,49,40460751,0.00013598735014480658,0.021463562944422372,0.024638593180060932,4.1257064280505125,True,200,True,25,3,5,"(2.0, 0.8, -0.8, -2.0)",1.0,1.5,0.0,0.0,0.0,0.0,1.0,,external,s2_cluster_stress_bootstrap
3,0,40560702,5.160538701362931e-05,0.010410409207547737,0.033864586337692015,7.068089473581406,True,200,True,100,3,5,"(2.0, 0.8, -0.8, -2.0)",1.0,1.5,0.0,0.0,0.0,0.0,1.0,,external,s2_cluster_stress_bootstrap
3,1,40560703,5.803245129948757e-06,0.0005244395436354277,0.0037891520980196723,0.3565015808965839,True,200,True,100,3,5,"(2.0, 0.8, -0.8, -2.0)",1.0,1.5,0.0,0.0,0.0,0.0,1.0,,external,s2_cluster_stress_bootstrap
3,2,40560704,3.070462803553014e-05,0.00020690787316711182,0.023271433172950252,0.15641008707033402,True,200,True,100,3,5,"(2.0, 0.8, -0.8, -2.0)",1.0,1.5,0.0,0.0,0.0,0.0,1.0,,external,s2_cluster_stress_bootstrap
3,3,40560705,7.083797313136409e-05,0.012788104952952309,0.049561177011570944,9.115200294696793,True,200,True,100,3,5,"(2.0, 0.8, -0.8, -2.0)",1.0,1.5,0.0,0.0,0.0,0.0,1.0,,external,s2_cluster_stress_bootstrap
3,4,40560706,2.0698640665247356e-05,0.0018119224027258263,0.014658143648077191,1.4421880170053158,True,200,True,100,3,5,"(2.0, 0.8, -0.8, -2.0)",1.0,1.5,0.0,0.0,0.0,0.0,1.0,,external,s2_cluster_stress_bootstrap
3,5,40560707,1.534044243199355e-05,0.004086458135792187,0.009977567478343817,2.7349262458920856,True,200,True,100,3,5,"(2.0, 0.8, -0.8, -2.0)",1.0,1.5,0.0,0.0,0.0,0.0,1.0,,external,s2_cluster_stress_bootstrap
3,6,40560708,5.2612777287478275e-05,0.005841347299652109,0.03829283245263235,4.277224775349328,True,199,True,100,3,5,"(2.0, 0.8, -0.8, -2.0)",1.0,1.5,0.0,0.0,0.0,0.0,1.0,,external,s2_cluster_stress_bootstrap
3,7,40560709,0.00031274601352732046,0.01570793501825115,0.2005805025645119,10.972159941299935,True,200,True,100,3,5,"(2.0, 0.8, -0.8, -2.0)",1.0,1.5,0.0,0.0,0.0,0.0,1.0,,external,s2_cluster_stress_bootstrap
3,8,40560710,0.00049927519999187,0.012458780086771445,0.3168728302902016,8.372959110926736,True,200,True,100,3,5,"(2.0, 0.8, -0.8, -2.0)",1.0,1.5,0.0,0.0,0.0,0.0,1.0,,external,s2_cluster_stress_bootstrap
3,9,40560711,1.975618289161081e-05,0.004470585864871776,0.012304011909305895,2.8295602047547797,True,200,True,100,3,5,"(2.0, 0.8, -0.8, -2.0)",1.0,1.5,0.0,0.0,0.0,0.0,1.0,,external,s2_cluster_stress_bootstrap
3,10,40560712,0.0002701964205042407,0.016851714127876546,0.18744306487567786,11.736869956615832,True,200,True,100,3,5,"(2.0, 0.8, -0.8, -2.0)",1.0,1.5,0.0,0.0,0.0,0.0,1.0,,external,s2_cluster_stress_bootstrap
3,11,40560713,5.468883323995592e-05,0.006296034469073322,0.03801608197977141,4.15937071505705,True,200,True,100,3,5,"(2.0, 0.8, -0.8, -2.0)",1.0,1.5,0.0,0.0,0.0,0.0,1.0,,external,s2_cluster_stress_bootstrap
3,12,40560714,9.234924857359915e-06,0.004442936588588028,0.005947059404636273,2.8613051779196965,True,200,True,100,3,5,"(2.0, 0.8, -0.8, -2.0)",1.0,1.5,0.0,0.0,0.0,0.0,1.0,,external,s2_cluster_stress_bootstrap
3,13,40560715,0.00019364866631442195,0.010380543527122517,0.1327436485029039,7.115859660784395,True,200,True,100,3,5,"(2.0, 0.8, -0.8, -2.0)",1.0,1.5,0.0,0.0,0.0,0.0,1.0,,external,s2_cluster_stress_bootstrap
3,14,40560716,4.589543706799057e-05,0.005142366872980864,0.027835146924709293,3.1933242529186305,True,200,True,100,3,5,"(2.0, 0.8, -0.8, -2.0)",1.0,1.5,0.0,0.0,0.0,0.0,1.0,,external,s2_cluster_stress_bootstrap
3,15,40560717,0.00027404495191636006,0.015836327665888675,0.182074065345625,10.88540181359436,True,200,True,100,3,5,"(2.0, 0.8, -0.8, -2.0)",1.0,1.5,0.0,0.0,0.0,0.0,1.0,,external,s2_cluster_stress_bootstrap
3,16,40560718,0.00028020394150824184,0.013663719665833199,0.16815315651598353,9.54730015780041,True,200,True,100,3,5,"(2.0, 0.8, -0.8, -2.0)",1.0,1.5,0.0,0.0,0.0,0.0,1.0,,external,s2_cluster_stress_bootstrap
3,17,40560719,5.176692934528925e-06,0.0018896314922538936,0.0033060270430120505,1.2555800228872074,True,200,True,100,3,5,"(2.0, 0.8, -0.8, -2.0)",1.0,1.5,0.0,0.0,0.0,0.0,1.0,,external,s2_cluster_stress_bootstrap
3,18,40560720,3.2426832902530383e-05,0.004863765641411316,0.02320832177253727,3.4101192927596298,True,200,True,100,3,5,"(2.0, 0.8, -0.8, -2.0)",1.0,1.5,0.0,0.0,0.0,0.0,1.0,,external,s2_cluster_stress_bootstrap
3,19,40560721,6.911596552818486e-06,0.00037803537012305014,0.0049774184060495785,0.26477121290243943,True,200,True,100,3,5,"(2.0, 0.8, -0.8, -2.0)",1.0,1.5,0.0,0.0,0.0,0.0,1.0,,external,s2_cluster_stress_bootstrap
3,20,40560722,1.3223642649423576e-05,1.9280016369055937e-05,0.00934383047025035,0.013328297308613481,True,200,True,100,3,5,"(2.0, 0.8, -0.8, -2.0)",1.0,1.5,0.0,0.0,0.0,0.0,1.0,,external,s2_cluster_stress_bootstrap
3,21,40560723,8.37732511402455e-05,0.012730566637449784,0.058226561694396904,9.30792622349485,True,200,True,100,3,5,"(2.0, 0.8, -0.8, -2.0)",1.0,1.5,0.0,0.0,0.0,0.0,1.0,,external,s2_cluster_stress_bootstrap
3,22,40560724,8.87354070903965e-06,0.0007652708531955784,0.005265414865564787,0.46891876221718914,True,200,True,100,3,5,"(2.0, 0.8, -0.8, -2.0)",1.0,1.5,0.0,0.0,0.0,0.0,1.0,,external,s2_cluster_stress_bootstrap
3,23,40560725,5.9874685360405535e-06,0.0026203856382651007,0.004491039851215553,1.9248541090681268,True,200,True,100,3,5,"(2.0, 0.8, -0.8, -2.0)",1.0,1.5,0.0,0.0,0.0,0.0,1.0,,external,s2_cluster_stress_bootstrap
3,24,40560726,9.168988199044278e-05,0.009652805261202213,0.06337800345931104,6.676570220580196,True,200,True,100,3,5,"(2.0, 0.8, -0.8, -2.0)",1.0,1.5,0.0,0.0,0.0,0.0,1.0,,external,s2_cluster_stress_bootstrap
3,25,40560727,0.0001141107247474198,0.01747003320774894,0.08539616759330151,13.379662957117667,True,200,True,100,3,5,"(2.0, 0.8, -0.8, -2.0)",1.0,1.5,0.0,0.0,0.0,0.0,1.0,,external,s2_cluster_stress_bootstrap
3,26,40560728,6.898700569606917e-05,0.010925091805814647,0.04757892666548404,7.715036139798625,True,200,True,100,3,5,"(2.0, 0.8, -0.8, -2.0)",1.0,1.5,0.0,0.0,0.0,0.0,1.0,,external,s2_cluster_stress_bootstrap
3,27,40560729,2.2062950202607444e-06,0.0009254047391715029,0.0015949019071399984,0.690250722083476,True,200,True,100,3,5,"(2.0, 0.8, -0.8, -2.0)",1.0,1.5,0.0,0.0,0.0,0.0,1.0,,external,s2_cluster_stress_bootstrap
3,28,40560730,4.0187993468065693e-05,0.005979972695693577,0.026239962483308808,3.7779371240231834,True,200,True,100,3,5,"(2.0, 0.8, -0.8, -2.0)",1.0,1.5,0.0,0.0,0.0,0.0,1.0,,external,s2_cluster_stress_bootstrap
3,29,40560731,3.4198527699727645e-05,0.0005127040262609601,0.02494954345236774,0.4293124573217665,True,200,True,100,3,5,"(2.0, 0.8, -0.8, -2.0)",1.0,1.5,0.0,0.0,0.0,0.0,1.0,,external,s2_cluster_stress_bootstrap
3,30,40560732,8.148033760749784e-06,0.0005610034545769712,0.006072852655729891,0.41462237871386853,True,199,True,100,3,5,"(2.0, 0.8, -0.8, -2.0)",1.0,1.5,0.0,0.0,0.0,0.0,1.0,,external,s2_cluster_stress_bootstrap
3,31,40560733,0.00010181842340231276,0.013284101399539883,0.07269592155046073,9.569986536730262,True,200,True,100,3,5,"(2.0, 0.8, -0.8, -2.0)",1.0,1.5,0.0,0.0,0.0,0.0,1.0,,external,s2_cluster_stress_bootstrap
3,32,40560734,2.1776230406967624e-05,0.006550270474932262,0.013332999584097522,4.058821554724817,True,199,True,100,3,5,"(2.0, 0.8, -0.8, -2.0)",1.0,1.5,0.0,0.0,0.0,0.0,1.0,,external,s2_cluster_stress_bootstrap
3,33,40560735,2.055413235554164e-06,0.003146047812906028,0.0013282042852262345,2.0201455208745593,True,200,True,100,3,5,"(2.0, 0.8, -0.8, -2.0)",1.0,1.5,0.0,0.0,0.0,0.0,1.0,,external,s2_cluster_stress_bootstrap
3,34,40560736,1.5864947504932474e-05,0.008340801479368259,0.010263172841946947,5.592623400928334,True,200,True,100,3,5,"(2.0, 0.8, -0.8, -2.0)",1.0,1.5,0.0,0.0,0.0,0.0,1.0,,external,s2_cluster_stress_bootstrap
3,35,40560737,0.0011334573664449153,0.01802426533094411,0.7509633088035309,12.097321213705381,True,200,True,100,3,5,"(2.0, 0.8, -0.8, -2.0)",1.0,1.5,0.0,0.0,0.0,0.0,1.0,,external,s2_cluster_stress_bootstrap
3,36,40560738,0.00017263225503195075,0.007675881366073687,0.11737278560279488,5.415428049147859,True,199,True,100,3,5,"(2.0, 0.8, -0.8, -2.0)",1.0,1.5,0.0,0.0,0.0,0.0,1.0,,external,s2_cluster_stress_bootstrap
3,37,40560739,0.00012865446646262232,0.01157063098502065,0.09812030792836525,8.7277403854512,True,200,True,100,3,5,"(2.0, 0.8, -0.8, -2.0)",1.0,1.5,0.0,0.0,0.0,0.0,1.0,,external,s2_cluster_stress_bootstrap
3,38,40560740,2.9002580531991973e-05,0.014929305123857336,0.019786510338733312,10.514580679476673,True,200,True,100,3,5,"(2.0, 0.8, -0.8, -2.0)",1.0,1.5,0.0,0.0,0.0,0.0,1.0,,external,s2_cluster_stress_bootstrap
3,39,40560741,3.959368072225851e-05,0.010701429133899418,0.024507900952904872,7.139333986445724,True,200,True,100,3,5,"(2.0, 0.8, -0.8, -2.0)",1.0,1.5,0.0,0.0,0.0,0.0,1.0,,external,s2_cluster_stress_bootstrap
3,40,40560742,0.00015173672955854546,0.014135164160523513,0.09017980570374588,8.913943728374038,True,200,True,100,3,5,"(2.0, 0.8, -0.8, -2.0)",1.0,1.5,0.0,0.0,0.0,0.0,1.0,,external,s2_cluster_stress_bootstrap
3,41,40560743,1.7227717447013084e-05,0.0005568295842130613,0.012821077157983952,0.38576988417411795,True,200,True,100,3,5,"(2.0, 0.8, -0.8, -2.0)",1.0,1.5,0.0,0.0,0.0,0.0,1.0,,external,s2_cluster_stress_bootstrap
3,42,40560744,0.00020382777415188245,0.011019087255095915,0.1311157179269015,7.147838609287521,True,200,True,100,3,5,"(2.0, 0.8, -0.8, -2.0)",1.0,1.5,0.0,0.0,0.0,0.0,1.0,,external,s2_cluster_stress_bootstrap
3,43,40560745,5.865954944691825e-06,0.0024363880264241,0.004083355995233606,1.6848443070602135,True,200,True,100,3,5,"(2.0, 0.8, -0.8, -2.0)",1.0,1.5,0.0,0.0,0.0,0.0,1.0,,external,s2_cluster_stress_bootstrap
3,44,40560746,5.423971869975657e-05,0.014314330517751562,0.04103241328302108,10.383912568198042,True,200,True,100,3,5,"(2.0, 0.8, -0.8, -2.0)",1.0,1.5,0.0,0.0,0.0,0.0,1.0,,external,s2_cluster_stress_bootstrap
3,45,40560747,1.4938580834652719e-05,0.0003768505102138945,0.010484611122839304,0.23991608044177715,True,199,True,100,3,5,"(2.0, 0.8, -0.8, -2.0)",1.0,1.5,0.0,0.0,0.0,0.0,1.0,,external,s2_cluster_stress_bootstrap
3,46,40560748,2.1501041451291414e-05,0.0020259852813894236,0.015298225636653836,1.551659144096426,True,199,True,100,3,5,"(2.0, 0.8, -0.8, -2.0)",1.0,1.5,0.0,0.0,0.0,0.0,1.0,,external,s2_cluster_stress_bootstrap
3,47,40560749,4.237530961814274e-06,1.882884028078741e-05,0.002705199752019456,0.011870910632897243,True,200,True,100,3,5,"(2.0, 0.8, -0.8, -2.0)",1.0,1.5,0.0,0.0,0.0,0.0,1.0,,external,s2_cluster_stress_bootstrap
3,48,40560750,4.541430341865514e-06,0.0022805369550864254,0.0029548561788469564,1.4589832195687438,True,200,True,100,3,5,"(2.0, 0.8, -0.8, -2.0)",1.0,1.5,0.0,0.0,0.0,0.0,1.0,,external,s2_cluster_stress_bootstrap
3,49,40560751,8.987064389896761e-05,0.006290408061404155,0.06555117591522411,4.597495702070656,True,200,True,100,3,5,"(2.0, 0.8, -0.8, -2.0)",1.0,1.5,0.0,0.0,0.0,0.0,1.0,,external,s2_cluster_stress_bootstrap
4,0,40660702,6.195824400307364e-06,0.000562945086022937,0.002770716300037233,0.24497894033840442,True,200,True,25,8,5,"(2.0, 0.8, -0.8, -2.0)",1.0,0.5,0.0,0.0,0.0,0.0,1.0,,external,s2_cluster_stress_bootstrap
4,1,40660703,0.001363480725096016,0.03355308118072744,0.582812077931308,16.266996328709677,True,200,True,25,8,5,"(2.0, 0.8, -0.8, -2.0)",1.0,0.5,0.0,0.0,0.0,0.0,1.0,,external,s2_cluster_stress_bootstrap
4,2,40660704,1.0929818708602806e-05,0.0037097223442328063,0.006346468616177126,2.193170634451827,True,200,True,25,8,5,"(2.0, 0.8, -0.8, -2.0)",1.0,0.5,0.0,0.0,0.0,0.0,1.0,,external,s2_cluster_stress_bootstrap
4,3,40660705,6.62982259937802e-05,0.018733579161037604,0.03323383403787836,8.80988565690526,True,200,True,25,8,5,"(2.0, 0.8, -0.8, -2.0)",1.0,0.5,0.0,0.0,0.0,0.0,1.0,,external,s2_cluster_stress_bootstrap
4,4,40660706,2.6178006276423055e-05,0.0016235841214796208,0.01430180398444669,0.9177254387562712,True,200,True,25,8,5,"(2.0, 0.8, -0.8, -2.0)",1.0,0.5,0.0,0.0,0.0,0.0,1.0,,external,s2_cluster_stress_bootstrap
4,5,40660707,1.008967430759996e-05,0.011207718856497002,0.005135948919990483,5.536842887205627,True,200,True,25,8,5,"(2.0, 0.8, -0.8, -2.0)",1.0,0.5,0.0,0.0,0.0,0.0,1.0,,external,s2_cluster_stress_bootstrap
4,6,40660708,0.00020790029985155552,0.01613512759338116,0.09624024115977554,8.707137758447663,True,200,True,25,8,5,"(2.0, 0.8, -0.8, -2.0)",1.0,0.5,0.0,0.0,0.0,0.0,1.0,,external,s2_cluster_stress_bootstrap
4,7,40660709,1.2617616224918465e-05,0.0012972670431512425,0.006100272722704421,0.6415453620014464,True,200,True,25,8,5,"(2.0, 0.8, -0.8, -2.0)",1.0,0.5,0.0,0.0,0.0,0.0,1.0,,external,s2_cluster_stress_bootstrap
4,8,40660710,8.517733938265592e-05,0.007837572277355787,0.03819457227015263,3.6505373171175,True,200,True,25,8,5,"(2.0, 0.8, -0.8, -2.0)",1.0,0.5,0.0,0.0,0.0,0.0,1.0,,external,s2_cluster_stress_bootstrap
4,9,40660711,7.823457344557482e-06,0.0018753138208281441,0.004077883475805594,0.9281750984790252,True,200,True,25,8,5,"(2.0, 0.8, -0.8, -2.0)",1.0,0.5,0.0,0.0,0.0,0.0,1.0,,external,s2_cluster_stress_bootstrap
4,10,40660712,1.1771163335702392e-05,0.0064896692621189255,0.0062827626782288905,3.1097020061411653,True,200,True,25,8,5,"(2.0, 0.8, -0.8, -2.0)",1.0,0.5,0.0,0.0,0.0,0.0,1.0,,external,s2_cluster_stress_bootstrap
4,11,40660713,6.890662833505035e-05,0.015914964967674455,0.035160898432424065,7.864664821507293,True,200,True,25,8,5,"(2.0, 0.8, -0.8, -2.0)",1.0,0.5,0.0,0.0,0.0,0.0,1.0,,external,s2_cluster_stress_bootstrap
4,12,40660714,0.0003116154444676772,0.037956913935497404,0.1974993554925683,19.047206299144776,True,200,True,25,8,5,"(2.0, 0.8, -0.8, -2.0)",1.0,0.5,0.0,0.0,0.0,0.0,1.0,,external,s2_cluster_stress_bootstrap
4,13,40660715,3.40164066985186e-05,0.004735929027164623,0.017404953045917555,2.26419519327748,True,200,True,25,8,5,"(2.0, 0.8, -0.8, -2.0)",1.0,0.5,0.0,0.0,0.0,0.0,1.0,,external,s2_cluster_stress_bootstrap
4,14,40660716,0.0003679464513312115,0.022048018587187773,0.1716118898362984,10.271999130005579,True,200,True,25,8,5,"(2.0, 0.8, -0.8, -2.0)",1.0,0.5,0.0,0.0,0.0,0.0,1.0,,external,s2_cluster_stress_bootstrap
4,15,40660717,5.327859675796385e-05,0.014664634176129518,0.02524588820739305,6.769250957532636,True,200,True,25,8,5,"(2.0, 0.8, -0.8, -2.0)",1.0,0.5,0.0,0.0,0.0,0.0,1.0,,external,s2_cluster_stress_bootstrap
4,16,40660718,9.052357567579253e-07,0.0013371711238534124,0.0004395304320781149,0.5955462712503894,True,200,True,25,8,5,"(2.0, 0.8, -0.8, -2.0)",1.0,0.5,0.0,0.0,0.0,0.0,1.0,,external,s2_cluster_stress_bootstrap
4,17,40660719,0.00044007788191379675,0.019666857934092143,0.20185235500303353,9.54289352172649,True,199,True,25,8,5,"(2.0, 0.8, -0.8, -2.0)",1.0,0.5,0.0,0.0,0.0,0.0,1.0,,external,s2_cluster_stress_bootstrap
4,18,40660720,5.7000311821103053e-05,0.026420026950828016,0.02600515208903046,11.926624703268049,True,200,True,25,8,5,"(2.0, 0.8, -0.8, -2.0)",1.0,0.5,0.0,0.0,0.0,0.0,1.0,,external,s2_cluster_stress_bootstrap
4,19,40660721,4.067666902325617e-05,0.004966540660977648,0.019012171594853293,2.7317566897686016,True,200,True,25,8,5,"(2.0, 0.8, -0.8, -2.0)",1.0,0.5,0.0,0.0,0.0,0.0,1.0,,external,s2_cluster_stress_bootstrap
4,20,40660722,0.00014702815794228466,0.01860304221013128,0.06641079533122422,8.626573322109717,True,200,True,25,8,5,"(2.0, 0.8, -0.8, -2.0)",1.0,0.5,0.0,0.0,0.0,0.0,1.0,,external,s2_cluster_stress_bootstrap
4,21,40660723,0.0011123949108789437,0.03525312254011533,0.5352301837155283,17.989746203819994,True,200,True,25,8,5,"(2.0, 0.8, -0.8, -2.0)",1.0,0.5,0.0,0.0,0.0,0.0,1.0,,external,s2_cluster_stress_bootstrap
4,22,40660724,7.32205845888613e-06,0.013201326086781262,0.0037906549194563683,6.6622147792646444,True,200,True,25,8,5,"(2.0, 0.8, -0.8, -2.0)",1.0,0.5,0.0,0.0,0.0,0.0,1.0,,external,s2_cluster_stress_bootstrap
4,23,40660725,1.6191815528253396e-05,0.007050488090636222,0.0072908155903559264,3.2005355445200285,True,200,True,25,8,5,"(2.0, 0.8, -0.8, -2.0)",1.0,0.5,0.0,0.0,0.0,0.0,1.0,,external,s2_cluster_stress_bootstrap
4,24,40660726,9.448050873212352e-05,0.021460595335401934,0.05999832612334223,10.865035808777987,True,200,True,25,8,5,"(2.0, 0.8, -0.8, -2.0)",1.0,0.5,0.0,0.0,0.0,0.0,1.0,,external,s2_cluster_stress_bootstrap
4,25,40660727,3.4185022325882576e-05,5.2177206666850813e-05,0.014780930263921726,0.026551495873825045,True,200,True,25,8,5,"(2.0, 0.8, -0.8, -2.0)",1.0,0.5,0.0,0.0,0.0,0.0,1.0,,external,s2_cluster_stress_bootstrap
4,26,40660728,0.00010984221847589702,0.018711293411760522,0.049078135544652214,9.242989451500659,True,200,True,25,8,5,"(2.0, 0.8, -0.8, -2.0)",1.0,0.5,0.0,0.0,0.0,0.0,1.0,,external,s2_cluster_stress_bootstrap
4,27,40660729,5.347288341760108e-05,0.013045837334893062,0.02756360788909263,6.7168444935272875,True,200,True,25,8,5,"(2.0, 0.8, -0.8, -2.0)",1.0,0.5,0.0,0.0,0.0,0.0,1.0,,external,s2_cluster_stress_bootstrap
4,28,40660730,0.00017847016623996433,0.0164177972976145,0.08156260029844777,7.738007079516517,True,200,True,25,8,5,"(2.0, 0.8, -0.8, -2.0)",1.0,0.5,0.0,0.0,0.0,0.0,1.0,,external,s2_cluster_stress_bootstrap
4,29,40660731,0.00012856421404509383,0.023325566753458826,0.07124288069880311,12.00635541158971,True,200,True,25,8,5,"(2.0, 0.8, -0.8, -2.0)",1.0,0.5,0.0,0.0,0.0,0.0,1.0,,external,s2_cluster_stress_bootstrap
4,30,40660732,0.00013913381814130958,0.015407827216171247,0.062312880273972415,7.40395828966997,True,200,True,25,8,5,"(2.0, 0.8, -0.8, -2.0)",1.0,0.5,0.0,0.0,0.0,0.0,1.0,,external,s2_cluster_stress_bootstrap
4,31,40660733,6.118333072449307e-05,0.00018695482721823082,0.030257552021898098,0.11740587412287337,True,200,True,25,8,5,"(2.0, 0.8, -0.8, -2.0)",1.0,0.5,0.0,0.0,0.0,0.0,1.0,,external,s2_cluster_stress_bootstrap
4,32,40660734,0.000787549059742511,0.026316268477599943,0.37163405931204346,13.04327805538823,True,200,True,25,8,5,"(2.0, 0.8, -0.8, -2.0)",1.0,0.5,0.0,0.0,0.0,0.0,1.0,,external,s2_cluster_stress_bootstrap
4,33,40660735,1.501741536684363e-05,0.00400426199566499,0.006880166729127415,1.9126376983687394,True,200,True,25,8,5,"(2.0, 0.8, -0.8, -2.0)",1.0,0.5,0.0,0.0,0.0,0.0,1.0,,external,s2_cluster_stress_bootstrap
4,34,40660736,6.135925166493361e-05,0.011368638153052026,0.025840905606794806,5.251130323496512,True,200,True,25,8,5,"(2.0, 0.8, -0.8, -2.0)",1.0,0.5,0.0,0.0,0.0,0.0,1.0,,external,s2_cluster_stress_bootstrap
4,35,40660737,0.0003464945312486321,0.02712040539054672,0.17039854466028928,13.992754932720565,True,200,True,25,8,5,"(2.0, 0.8, -0.8, -2.0)",1.0,0.5,0.0,0.0,0.0,0.0,1.0,,external,s2_cluster_stress_bootstrap
4,36,40660738,0.00013707685842789265,0.012960589200744402,0.07124441772707546,6.490912439777367,True,200,True,25,8,5,"(2.0, 0.8, -0.8, -2.0)",1.0,0.5,0.0,0.0,0.0,0.0,1.0,,external,s2_cluster_stress_bootstrap
4,37,40660739,3.474115077810422e-05,0.020129631320547306,0.016631321912302335,8.964111250127544,True,200,True,25,8,5,"(2.0, 0.8, -0.8, -2.0)",1.0,0.5,0.0,0.0,0.0,0.0,1.0,,external,s2_cluster_stress_bootstrap
4,38,40660740,0.0001264399109902297,0.016070425103571127,0.05697985312953502,7.0981392954980045,True,200,True,25,8,5,"(2.0, 0.8, -0.8, -2.0)",1.0,0.5,0.0,0.0,0.0,0.0,1.0,,external,s2_cluster_stress_bootstrap
4,39,40660741,9.888335586371826e-05,0.009074904565060883,0.05135085151510669,4.510306892263069,True,200,True,25,8,5,"(2.0, 0.8, -0.8, -2.0)",1.0,0.5,0.0,0.0,0.0,0.0,1.0,,external,s2_cluster_stress_bootstrap
4,40,40660742,0.0003636794615590353,0.017885758008378213,0.17087082831338046,8.123938120874962,True,200,True,25,8,5,"(2.0, 0.8, -0.8, -2.0)",1.0,0.5,0.0,0.0,0.0,0.0,1.0,,external,s2_cluster_stress_bootstrap
4,41,40660743,3.794387462191927e-05,0.0009714786975991975,0.01638308972719136,0.5417881732105888,True,200,True,25,8,5,"(2.0, 0.8, -0.8, -2.0)",1.0,0.5,0.0,0.0,0.0,0.0,1.0,,external,s2_cluster_stress_bootstrap
4,42,40660744,1.4618778913427136e-06,0.008229533993123239,0.0007727903396979004,4.177363614443356,True,200,True,25,8,5,"(2.0, 0.8, -0.8, -2.0)",1.0,0.5,0.0,0.0,0.0,0.0,1.0,,external,s2_cluster_stress_bootstrap
4,43,40660745,7.016891439367315e-05,0.012940403302339018,0.030594438247871128,6.116246016064759,True,200,True,25,8,5,"(2.0, 0.8, -0.8, -2.0)",1.0,0.5,0.0,0.0,0.0,0.0,1.0,,external,s2_cluster_stress_bootstrap
4,44,40660746,4.441555082722134e-05,0.0050362129866312905,0.02015319949508287,2.471445550605382,True,200,True,25,8,5,"(2.0, 0.8, -0.8, -2.0)",1.0,0.5,0.0,0.0,0.0,0.0,1.0,,external,s2_cluster_stress_bootstrap
4,45,40660747,0.00011367712324510264,0.014582402670866183,0.05692099325556748,7.708332012449204,True,200,True,25,8,5,"(2.0, 0.8, -0.8, -2.0)",1.0,0.5,0.0,0.0,0.0,0.0,1.0,,external,s2_cluster_stress_bootstrap
4,46,40660748,8.554901958000135e-05,0.003277737200783316,0.04016469107422037,1.7316706303817584,True,200,True,25,8,5,"(2.0, 0.8, -0.8, -2.0)",1.0,0.5,0.0,0.0,0.0,0.0,1.0,,external,s2_cluster_stress_bootstrap
4,47,40660749,0.0009011431163929394,0.02850044697401841,0.45761019364023403,13.939767421853025,True,200,True,25,8,5,"(2.0, 0.8, -0.8, -2.0)",1.0,0.5,0.0,0.0,0.0,0.0,1.0,,external,s2_cluster_stress_bootstrap
4,48,40660750,2.663381686808688e-05,0.012029520693487566,0.012794784079878371,5.223966475234801,True,200,True,25,8,5,"(2.0, 0.8, -0.8, -2.0)",1.0,0.5,0.0,0.0,0.0,0.0,1.0,,external,s2_cluster_stress_bootstrap
4,49,40660751,1.4261842734822884e-05,0.0020324739911729093,0.006278129988273208,0.9637392130569485,True,200,True,25,8,5,"(2.0, 0.8, -0.8, -2.0)",1.0,0.5,0.0,0.0,0.0,0.0,1.0,,external,s2_cluster_stress_bootstrap
5,0,40760702,3.280681574082354e-05,0.003887990606130127,0.0660981834978082,7.740847297239478,True,200,True,100,8,5,"(2.0, 0.8, -0.8, -2.0)",1.0,0.5,0.0,0.0,0.0,0.0,1.0,,external,s2_cluster_stress_bootstrap
5,1,40760703,4.420670272355643e-06,0.0021742702157482143,0.008906127952425026,4.14844110112181,True,199,True,100,8,5,"(2.0, 0.8, -0.8, -2.0)",1.0,0.5,0.0,0.0,0.0,0.0,1.0,,external,s2_cluster_stress_bootstrap
5,2,40760704,8.381424795107019e-06,0.0006801979577417614,0.016728980171004392,1.350956806364848,True,199,True,100,8,5,"(2.0, 0.8, -0.8, -2.0)",1.0,0.5,0.0,0.0,0.0,0.0,1.0,,external,s2_cluster_stress_bootstrap
5,3,40760705,3.064227411186029e-05,0.002277425029077098,0.05990030950882929,4.644511039182267,True,198,True,100,8,5,"(2.0, 0.8, -0.8, -2.0)",1.0,0.5,0.0,0.0,0.0,0.0,1.0,,external,s2_cluster_stress_bootstrap
5,4,40760706,6.4604187417035194e-06,0.0007509482881834513,0.013413140514440635,1.458385379434334,True,199,True,100,8,5,"(2.0, 0.8, -0.8, -2.0)",1.0,0.5,0.0,0.0,0.0,0.0,1.0,,external,s2_cluster_stress_bootstrap
5,5,40760707,4.150031093833585e-05,0.005585653952831402,0.08102689385775688,11.144839335470898,True,199,False,100,8,5,"(2.0, 0.8, -0.8, -2.0)",1.0,0.5,0.0,0.0,0.0,0.0,1.0,,external,s2_cluster_stress_bootstrap
5,6,40760708,1.1514576697445598e-05,0.004027199143379004,0.023905789442823563,8.74406609342513,True,199,True,100,8,5,"(2.0, 0.8, -0.8, -2.0)",1.0,0.5,0.0,0.0,0.0,0.0,1.0,,external,s2_cluster_stress_bootstrap
5,7,40760709,7.278737968687357e-06,0.0024740519108093963,0.013372580061356552,4.594375031339111,True,197,True,100,8,5,"(2.0, 0.8, -0.8, -2.0)",1.0,0.5,0.0,0.0,0.0,0.0,1.0,,external,s2_cluster_stress_bootstrap
5,8,40760710,2.146222386402716e-06,0.002086983769205628,0.004261570719354521,3.978537713033896,True,200,True,100,8,5,"(2.0, 0.8, -0.8, -2.0)",1.0,0.5,0.0,0.0,0.0,0.0,1.0,,external,s2_cluster_stress_bootstrap
5,9,40760711,0.00014577695667480372,0.00712588804439389,0.2989012391470511,14.816646198049002,True,200,True,100,8,5,"(2.0, 0.8, -0.8, -2.0)",1.0,0.5,0.0,0.0,0.0,0.0,1.0,,external,s2_cluster_stress_bootstrap
5,10,40760712,5.9623037210843275e-09,0.0005199176688151657,1.1240731473957533e-05,0.9740785267766893,True,200,True,100,8,5,"(2.0, 0.8, -0.8, -2.0)",1.0,0.5,0.0,0.0,0.0,0.0,1.0,,external,s2_cluster_stress_bootstrap
5,11,40760713,1.3197526935296897e-05,0.003412838255551842,0.025784616862839213,6.692458350762622,True,199,True,100,8,5,"(2.0, 0.8, -0.8, -2.0)",1.0,0.5,0.0,0.0,0.0,0.0,1.0,,external,s2_cluster_stress_bootstrap
5,12,40760714,3.1382711529662235e-05,0.003748368246291353,0.06037094898338186,7.4580694632263675,True,200,False,100,8,5,"(2.0, 0.8, -0.8, -2.0)",1.0,0.5,0.0,0.0,0.0,0.0,1.0,,external,s2_cluster_stress_bootstrap
5,13,40760715,8.857733313209984e-06,0.0015486614803718818,0.01649887223243921,3.0147952572960492,True,199,True,100,8,5,"(2.0, 0.8, -0.8, -2.0)",1.0,0.5,0.0,0.0,0.0,0.0,1.0,,external,s2_cluster_stress_bootstrap
5,14,40760716,3.1558325078493405e-06,0.0003038940111940694,0.0060515457246388925,0.5792120430480653,True,198,True,100,8,5,"(2.0, 0.8, -0.8, -2.0)",1.0,0.5,0.0,0.0,0.0,0.0,1.0,,external,s2_cluster_stress_bootstrap
5,15,40760717,1.7174592368999801e-06,0.0004677993145670832,0.003352227131321916,0.8964427273063944,True,200,True,100,8,5,"(2.0, 0.8, -0.8, -2.0)",1.0,0.5,0.0,0.0,0.0,0.0,1.0,,external,s2_cluster_stress_bootstrap
5,16,40760718,1.1938314935376677e-05,0.004003654547745835,0.024407992213234333,8.587560854035642,True,196,True,100,8,5,"(2.0, 0.8, -0.8, -2.0)",1.0,0.5,0.0,0.0,0.0,0.0,1.0,,external,s2_cluster_stress_bootstrap
5,17,40760719,5.075806645791593e-05,0.0032996234174500825,0.10328751554366203,6.659937631661857,True,200,True,100,8,5,"(2.0, 0.8, -0.8, -2.0)",1.0,0.5,0.0,0.0,0.0,0.0,1.0,,external,s2_cluster_stress_bootstrap
5,18,40760720,0.00011517358056839917,0.004740115582695913,0.2186799318846483,9.39195095247921,True,198,True,100,8,5,"(2.0, 0.8, -0.8, -2.0)",1.0,0.5,0.0,0.0,0.0,0.0,1.0,,external,s2_cluster_stress_bootstrap
5,19,40760721,6.820298417174896e-05,0.004136607488902113,0.14683650278503046,8.351196987423263,True,199,True,100,8,5,"(2.0, 0.8, -0.8, -2.0)",1.0,0.5,0.0,0.0,0.0,0.0,1.0,,external,s2_cluster_stress_bootstrap
5,20,40760722,2.2425726803410827e-06,0.002767098821460466,0.004505582540158909,5.304628345500246,True,199,True,100,8,5,"(2.0, 0.8, -0.8, -2.0)",1.0,0.5,0.0,0.0,0.0,0.0,1.0,,external,s2_cluster_stress_bootstrap
5,21,40760723,6.692716361727194e-06,0.002693350484060535,0.013274206531506252,5.488259978535137,True,199,True,100,8,5,"(2.0, 0.8, -0.8, -2.0)",1.0,0.5,0.0,0.0,0.0,0.0,1.0,,external,s2_cluster_stress_bootstrap
5,22,40760724,8.390868527484067e-05,0.006305271738383966,0.17506145267993578,13.36406577355394,True,200,True,100,8,5,"(2.0, 0.8, -0.8, -2.0)",1.0,0.5,0.0,0.0,0.0,0.0,1.0,,external,s2_cluster_stress_bootstrap
5,23,40760725,3.034068446395661e-07,8.890785123644239e-05,0.0005906470657978294,0.17169048501662243,True,198,True,100,8,5,"(2.0, 0.8, -0.8, -2.0)",1.0,0.5,0.0,0.0,0.0,0.0,1.0,,external,s2_cluster_stress_bootstrap
5,24,40760726,2.9206683234077683e-05,0.004632278406213589,0.05711255082494169,8.991422928596172,True,200,True,100,8,5,"(2.0, 0.8, -0.8, -2.0)",1.0,0.5,0.0,0.0,0.0,0.0,1.0,,external,s2_cluster_stress_bootstrap
5,25,40760727,6.44916659123768e-05,0.004621474594481471,0.13135621862602423,8.868509113270429,True,195,True,100,8,5,"(2.0, 0.8, -0.8, -2.0)",1.0,0.5,0.0,0.0,0.0,0.0,1.0,,external,s2_cluster_stress_bootstrap
5,26,40760728,9.364342014981154e-06,0.0025056727526922185,0.018074525144229817,4.9428519675700775,True,199,True,100,8,5,"(2.0, 0.8, -0.8, -2.0)",1.0,0.5,0.0,0.0,0.0,0.0,1.0,,external,s2_cluster_stress_bootstrap
5,27,40760729,0.00010953877625642388,0.0044141141003998935,0.19785078212870233,8.761971981044917,True,199,True,100,8,5,"(2.0, 0.8, -0.8, -2.0)",1.0,0.5,0.0,0.0,0.0,0.0,1.0,,external,s2_cluster_stress_bootstrap
5,28,40760730,2.798115162107281e-06,0.002891931330157437,0.005373744167266876,5.740108124808873,True,198,True,100,8,5,"(2.0, 0.8, -0.8, -2.0)",1.0,0.5,0.0,0.0,0.0,0.0,1.0,,external,s2_cluster_stress_bootstrap
5,29,40760731,1.0784991892964533e-05,0.002935831547445408,0.021058955449896798,5.756761142801404,True,198,True,100,8,5,"(2.0, 0.8, -0.8, -2.0)",1.0,0.5,0.0,0.0,0.0,0.0,1.0,,external,s2_cluster_stress_bootstrap
5,30,40760732,8.504640784639512e-06,0.006510949026119664,0.014849004584845676,11.760028786096695,True,198,True,100,8,5,"(2.0, 0.8, -0.8, -2.0)",1.0,0.5,0.0,0.0,0.0,0.0,1.0,,external,s2_cluster_stress_bootstrap
5,31,40760733,9.461568678862602e-07,0.0019302183943167937,0.0021484857954598424,3.9169421276707586,True,196,True,100,8,5,"(2.0, 0.8, -0.8, -2.0)",1.0,0.5,0.0,0.0,0.0,0.0,1.0,,external,s2_cluster_stress_bootstrap
5,32,40760734,1.1299735843280463e-05,0.002813992190699644,0.022857349010566696,5.4906953113026455,True,198,True,100,8,5,"(2.0, 0.8, -0.8, -2.0)",1.0,0.5,0.0,0.0,0.0,0.0,1.0,,external,s2_cluster_stress_bootstrap
5,33,40760735,1.752972038538318e-06,0.003391730763870489,0.0034575523136102415,6.732499675423711,True,197,True,100,8,5,"(2.0, 0.8, -0.8, -2.0)",1.0,0.5,0.0,0.0,0.0,0.0,1.0,,external,s2_cluster_stress_bootstrap
5,34,40760736,1.9004505784852515e-06,0.0011025387028451197,0.004148881022602445,2.3168495089988728,True,200,True,100,8,5,"(2.0, 0.8, -0.8, -2.0)",1.0,0.5,0.0,0.0,0.0,0.0,1.0,,external,s2_cluster_stress_bootstrap
5,35,40760737,7.135580759174395e-06,0.0008617042817049151,0.012950386614417095,1.5963803061287583,True,199,True,100,8,5,"(2.0, 0.8, -0.8, -2.0)",1.0,0.5,0.0,0.0,0.0,0.0,1.0,,external,s2_cluster_stress_bootstrap
5,36,40760738,1.2404035266538278e-05,0.005911356316740201,0.023304655181930676,11.448896029580366,True,200,True,100,8,5,"(2.0, 0.8, -0.8, -2.0)",1.0,0.5,0.0,0.0,0.0,0.0,1.0,,external,s2_cluster_stress_bootstrap
5,37,40760739,3.0824500895353666e-05,0.002511914371915708,0.0611872360895179,4.826256158376485,True,199,True,100,8,5,"(2.0, 0.8, -0.8, -2.0)",1.0,0.5,0.0,0.0,0.0,0.0,1.0,,external,s2_cluster_stress_bootstrap
5,38,40760740,4.043672217735491e-06,0.001605844866287154,0.00802559961364145,3.12961717169021,True,200,True,100,8,5,"(2.0, 0.8, -0.8, -2.0)",1.0,0.5,0.0,0.0,0.0,0.0,1.0,,external,s2_cluster_stress_bootstrap
5,39,40760741,4.550574331601211e-05,0.005097993850402823,0.10040469868131956,10.408899651464194,True,200,True,100,8,5,"(2.0, 0.8, -0.8, -2.0)",1.0,0.5,0.0,0.0,0.0,0.0,1.0,,external,s2_cluster_stress_bootstrap
5,40,40760742,6.255983655199511e-05,0.005588292510332706,0.13258057791737943,12.488265003220821,True,199,True,100,8,5,"(2.0, 0.8, -0.8, -2.0)",1.0,0.5,0.0,0.0,0.0,0.0,1.0,,external,s2_cluster_stress_bootstrap
5,41,40760743,3.9528248072999305e-06,0.003070379863108167,0.008126885124160578,6.343994291025537,True,198,True,100,8,5,"(2.0, 0.8, -0.8, -2.0)",1.0,0.5,0.0,0.0,0.0,0.0,1.0,,external,s2_cluster_stress_bootstrap
5,42,40760744,8.12399145781943e-05,0.005496579767853777,0.1603060699163748,10.510607155769417,True,197,True,100,8,5,"(2.0, 0.8, -0.8, -2.0)",1.0,0.5,0.0,0.0,0.0,0.0,1.0,,external,s2_cluster_stress_bootstrap
5,43,40760745,5.8397341312798635e-06,0.0020812754042536796,0.011619249319214792,4.119629031838476,True,200,True,100,8,5,"(2.0, 0.8, -0.8, -2.0)",1.0,0.5,0.0,0.0,0.0,0.0,1.0,,external,s2_cluster_stress_bootstrap
5,44,40760746,5.500431155540078e-06,0.001383252186744246,0.01036251021400586,2.775966528659841,True,196,True,100,8,5,"(2.0, 0.8, -0.8, -2.0)",1.0,0.5,0.0,0.0,0.0,0.0,1.0,,external,s2_cluster_stress_bootstrap
5,45,40760747,0.0007633663165735213,0.010890084589074043,1.411567933661732,21.355584407838947,True,200,True,100,8,5,"(2.0, 0.8, -0.8, -2.0)",1.0,0.5,0.0,0.0,0.0,0.0,1.0,,external,s2_cluster_stress_bootstrap
5,46,40760748,1.2998593002419665e-05,0.0028040508605646215,0.022285877197855325,5.142155734750618,True,197,True,100,8,5,"(2.0, 0.8, -0.8, -2.0)",1.0,0.5,0.0,0.0,0.0,0.0,1.0,,external,s2_cluster_stress_bootstrap
5,47,40760749,8.762995549198864e-05,0.007904541197466433,0.1678453296890669,15.430403771503146,True,200,False,100,8,5,"(2.0, 0.8, -0.8, -2.0)",1.0,0.5,0.0,0.0,0.0,0.0,1.0,,external,s2_cluster_stress_bootstrap
5,48,40760750,2.8069731152446918e-05,0.0043346343799297365,0.05964155659654987,8.831413046595875,True,200,True,100,8,5,"(2.0, 0.8, -0.8, -2.0)",1.0,0.5,0.0,0.0,0.0,0.0,1.0,,external,s2_cluster_stress_bootstrap
5,49,40760751,6.089936946612381e-05,0.00662186597227955,0.11355505817200612,12.64419062596018,True,199,True,100,8,5,"(2.0, 0.8, -0.8, -2.0)",1.0,0.5,0.0,0.0,0.0,0.0,1.0,,external,s2_cluster_stress_bootstrap
6,0,40860702,5.484713613421567e-05,0.012039599524541408,0.02308435242262956,4.9665456476740175,True,200,True,25,8,5,"(2.0, 0.8, -0.8, -2.0)",1.0,1.5,0.0,0.0,0.0,0.0,1.0,,external,s2_cluster_stress_bootstrap
6,1,40860703,0.00012340772841558145,0.02106426604080904,0.06869467520527449,9.765504873007153,True,200,True,25,8,5,"(2.0, 0.8, -0.8, -2.0)",1.0,1.5,0.0,0.0,0.0,0.0,1.0,,external,s2_cluster_stress_bootstrap
6,2,40860704,2.3815173429151077e-05,0.004435846702227086,0.011390377675351282,1.9493874464273584,True,200,True,25,8,5,"(2.0, 0.8, -0.8, -2.0)",1.0,1.5,0.0,0.0,0.0,0.0,1.0,,external,s2_cluster_stress_bootstrap
6,3,40860705,0.00010540105210733318,0.011887186392785899,0.044304332687741164,5.001753298656023,True,200,True,25,8,5,"(2.0, 0.8, -0.8, -2.0)",1.0,1.5,0.0,0.0,0.0,0.0,1.0,,external,s2_cluster_stress_bootstrap
6,4,40860706,0.0002191417827780532,0.02618707732009042,0.07337087131010493,11.990037539869816,True,200,True,25,8,5,"(2.0, 0.8, -0.8, -2.0)",1.0,1.5,0.0,0.0,0.0,0.0,1.0,,external,s2_cluster_stress_bootstrap
6,5,40860707,3.657958218398096e-05,0.012354331764441845,0.019066847836579887,6.0696133558739405,True,200,True,25,8,5,"(2.0, 0.8, -0.8, -2.0)",1.0,1.5,0.0,0.0,0.0,0.0,1.0,,external,s2_cluster_stress_bootstrap
6,6,40860708,3.784979102872509e-05,0.002988747545111173,0.017441855477932616,1.3730778178890475,True,200,True,25,8,5,"(2.0, 0.8, -0.8, -2.0)",1.0,1.5,0.0,0.0,0.0,0.0,1.0,,external,s2_cluster_stress_bootstrap
6,7,40860709,9.02997697563724e-06,0.0009538257388082081,0.004201657827621118,0.42489787501545945,True,200,True,25,8,5,"(2.0, 0.8, -0.8, -2.0)",1.0,1.5,0.0,0.0,0.0,0.0,1.0,,external,s2_cluster_stress_bootstrap
6,8,40860710,3.5751293429508546e-05,0.008466394844035736,0.01520451780710282,3.6714620596849974,True,200,True,25,8,5,"(2.0, 0.8, -0.8, -2.0)",1.0,1.5,0.0,0.0,0.0,0.0,1.0,,external,s2_cluster_stress_bootstrap
6,9,40860711,0.0002121525921128324,0.009570370394113101,0.1069339171925603,4.629856124672165,True,200,True,25,8,5,"(2.0, 0.8, -0.8, -2.0)",1.0,1.5,0.0,0.0,0.0,0.0,1.0,,external,s2_cluster_stress_bootstrap
6,10,40860712,0.00021190183278241666,0.022794298186202558,0.10781808284027251,10.980570162750054,True,200,True,25,8,5,"(2.0, 0.8, -0.8, -2.0)",1.0,1.5,0.0,0.0,0.0,0.0,1.0,,external,s2_cluster_stress_bootstrap
6,11,40860713,2.985467578716768e-05,0.005710897200848414,0.01234003799384563,2.344539038860526,True,200,True,25,8,5,"(2.0, 0.8, -0.8, -2.0)",1.0,1.5,0.0,0.0,0.0,0.0,1.0,,external,s2_cluster_stress_bootstrap
6,12,40860714,0.0008213101179401646,0.022772321315309364,0.35388540329199497,10.789709843122777,True,200,True,25,8,5,"(2.0, 0.8, -0.8, -2.0)",1.0,1.5,0.0,0.0,0.0,0.0,1.0,,external,s2_cluster_stress_bootstrap
6,13,40860715,2.3760871919430795e-06,0.003709425989633098,0.0009964863710604259,1.577065819444612,True,200,True,25,8,5,"(2.0, 0.8, -0.8, -2.0)",1.0,1.5,0.0,0.0,0.0,0.0,1.0,,external,s2_cluster_stress_bootstrap
6,14,40860716,0.0009325524220259443,0.04716680214687002,0.39509662709787274,20.932327052017587,True,200,True,25,8,5,"(2.0, 0.8, -0.8, -2.0)",1.0,1.5,0.0,0.0,0.0,0.0,1.0,,external,s2_cluster_stress_bootstrap
6,15,40860717,5.327800419000646e-06,0.006930362202757694,0.002506306875576035,3.37163092029128,True,200,True,25,8,5,"(2.0, 0.8, -0.8, -2.0)",1.0,1.5,0.0,0.0,0.0,0.0,1.0,,external,s2_cluster_stress_bootstrap
6,16,40860718,3.974064732100406e-05,0.004366460276919521,0.01855816800102444,1.989818797254881,True,200,True,25,8,5,"(2.0, 0.8, -0.8, -2.0)",1.0,1.5,0.0,0.0,0.0,0.0,1.0,,external,s2_cluster_stress_bootstrap
6,17,40860719,0.0003531049377907654,0.018396759045546673,0.15940092411475373,8.048702356489127,True,200,True,25,8,5,"(2.0, 0.8, -0.8, -2.0)",1.0,1.5,0.0,0.0,0.0,0.0,1.0,,external,s2_cluster_stress_bootstrap
6,18,40860720,0.00010923915870881936,0.011362928578460359,0.05214698336222485,5.325570272730772,True,200,True,25,8,5,"(2.0, 0.8, -0.8, -2.0)",1.0,1.5,0.0,0.0,0.0,0.0,1.0,,external,s2_cluster_stress_bootstrap
6,19,40860721,8.073372271688176e-05,0.011026692100708783,0.033723363202311195,4.756482674725152,True,200,True,25,8,5,"(2.0, 0.8, -0.8, -2.0)",1.0,1.5,0.0,0.0,0.0,0.0,1.0,,external,s2_cluster_stress_bootstrap
6,20,40860722,0.00017334045190742233,0.017177216760253782,0.07591064498640365,8.018504351204099,True,200,True,25,8,5,"(2.0, 0.8, -0.8, -2.0)",1.0,1.5,0.0,0.0,0.0,0.0,1.0,,external,s2_cluster_stress_bootstrap
6,21,40860723,0.00027619377591527007,0.021001592415655856,0.12535679906445865,9.630978846474996,True,200,True,25,8,5,"(2.0, 0.8, -0.8, -2.0)",1.0,1.5,0.0,0.0,0.0,0.0,1.0,,external,s2_cluster_stress_bootstrap
6,22,40860724,0.000816433340344054,0.024918734169225378,0.2990910142895361,11.004577622994354,True,200,True,25,8,5,"(2.0, 0.8, -0.8, -2.0)",1.0,1.5,0.0,0.0,0.0,0.0,1.0,,external,s2_cluster_stress_bootstrap
6,23,40860725,6.343173304807048e-05,0.01179894970430412,0.02988996659987521,5.42315602155967,True,200,True,25,8,5,"(2.0, 0.8, -0.8, -2.0)",1.0,1.5,0.0,0.0,0.0,0.0,1.0,,external,s2_cluster_stress_bootstrap
6,24,40860726,8.402063710995108e-06,0.007146854546714278,0.004043792968739145,3.690204080291944,True,200,True,25,8,5,"(2.0, 0.8, -0.8, -2.0)",1.0,1.5,0.0,0.0,0.0,0.0,1.0,,external,s2_cluster_stress_bootstrap
6,25,40860727,4.689164727860345e-06,0.009551231605383294,0.0022062843225151034,4.485986654987625,True,200,True,25,8,5,"(2.0, 0.8, -0.8, -2.0)",1.0,1.5,0.0,0.0,0.0,0.0,1.0,,external,s2_cluster_stress_bootstrap
6,26,40860728,0.0001035811262663626,0.008940008136486346,0.046123454531031505,4.154886523104057,True,200,True,25,8,5,"(2.0, 0.8, -0.8, -2.0)",1.0,1.5,0.0,0.0,0.0,0.0,1.0,,external,s2_cluster_stress_bootstrap
6,27,40860729,3.802131039251766e-05,0.010664611981490517,0.017726901690858943,4.515778475403453,True,200,True,25,8,5,"(2.0, 0.8, -0.8, -2.0)",1.0,1.5,0.0,0.0,0.0,0.0,1.0,,external,s2_cluster_stress_bootstrap
6,28,40860730,4.603689119311219e-05,0.009397673176595914,0.018981412451766114,3.865478974385283,True,200,True,25,8,5,"(2.0, 0.8, -0.8, -2.0)",1.0,1.5,0.0,0.0,0.0,0.0,1.0,,external,s2_cluster_stress_bootstrap
6,29,40860731,0.0001515754367848011,0.009328932663902553,0.06948416716846981,4.314495520750381,True,200,True,25,8,5,"(2.0, 0.8, -0.8, -2.0)",1.0,1.5,0.0,0.0,0.0,0.0,1.0,,external,s2_cluster_stress_bootstrap
6,30,40860732,1.3281931248566185e-06,0.005406114358779244,0.0006191933330598635,2.4769248774566064,True,199,True,25,8,5,"(2.0, 0.8, -0.8, -2.0)",1.0,1.5,0.0,0.0,0.0,0.0,1.0,,external,s2_cluster_stress_bootstrap
6,31,40860733,9.292958684092543e-05,0.01167338730587963,0.04366783139452303,5.690463089972309,True,199,True,25,8,5,"(2.0, 0.8, -0.8, -2.0)",1.0,1.5,0.0,0.0,0.0,0.0,1.0,,external,s2_cluster_stress_bootstrap
6,32,40860734,3.2584037986839096e-05,0.005259177217377094,0.014432440010344187,2.2826232409621787,True,200,True,25,8,5,"(2.0, 0.8, -0.8, -2.0)",1.0,1.5,0.0,0.0,0.0,0.0,1.0,,external,s2_cluster_stress_bootstrap
6,33,40860735,2.4059384862995414e-05,0.008033724139493353,0.010852070498982416,3.6413322942677584,True,200,True,25,8,5,"(2.0, 0.8, -0.8, -2.0)",1.0,1.5,0.0,0.0,0.0,0.0,1.0,,external,s2_cluster_stress_bootstrap
6,34,40860736,0.00010410716030691982,0.014233491506429573,0.0520244741453903,7.1886938506641815,True,200,True,25,8,5,"(2.0, 0.8, -0.8, -2.0)",1.0,1.5,0.0,0.0,0.0,0.0,1.0,,external,s2_cluster_stress_bootstrap
6,35,40860737,0.00033519068961432785,0.01600323060256813,0.1688478768859877,7.735581898677065,True,200,True,25,8,5,"(2.0, 0.8, -0.8, -2.0)",1.0,1.5,0.0,0.0,0.0,0.0,1.0,,external,s2_cluster_stress_bootstrap
6,36,40860738,2.9918933372332007e-05,0.004607511375276169,0.01482073378213796,2.114665407973225,True,200,True,25,8,5,"(2.0, 0.8, -0.8, -2.0)",1.0,1.5,0.0,0.0,0.0,0.0,1.0,,external,s2_cluster_stress_bootstrap
6,37,40860739,0.00022960907784760082,0.02374118592887478,0.08509235748209057,9.673629884650214,True,200,True,25,8,5,"(2.0, 0.8, -0.8, -2.0)",1.0,1.5,0.0,0.0,0.0,0.0,1.0,,external,s2_cluster_stress_bootstrap
6,38,40860740,5.601002882720885e-05,0.0012704711117211402,0.022752772760161938,0.576239957269281,True,200,True,25,8,5,"(2.0, 0.8, -0.8, -2.0)",1.0,1.5,0.0,0.0,0.0,0.0,1.0,,external,s2_cluster_stress_bootstrap
6,39,40860741,2.5162438559213553e-05,0.002041606866083669,0.013012554716280983,0.9267990438312791,True,200,True,25,8,5,"(2.0, 0.8, -0.8, -2.0)",1.0,1.5,0.0,0.0,0.0,0.0,1.0,,external,s2_cluster_stress_bootstrap
6,40,40860742,0.00023096407583024476,0.01436317784179667,0.10864440134205514,6.274651219354098,True,200,True,25,8,5,"(2.0, 0.8, -0.8, -2.0)",1.0,1.5,0.0,0.0,0.0,0.0,1.0,,external,s2_cluster_stress_bootstrap
6,41,40860743,7.76757504323834e-06,0.005548255411937962,0.003397973292009732,2.578486413277475,True,200,True,25,8,5,"(2.0, 0.8, -0.8, -2.0)",1.0,1.5,0.0,0.0,0.0,0.0,1.0,,external,s2_cluster_stress_bootstrap
6,42,40860744,0.004936168830127035,0.041205055920986805,2.32016732516865,18.910555217109987,True,200,True,25,8,5,"(2.0, 0.8, -0.8, -2.0)",1.0,1.5,0.0,0.0,0.0,0.0,1.0,,external,s2_cluster_stress_bootstrap
6,43,40860745,8.060646023354921e-05,0.00879808674884365,0.033457543686352884,3.7066563061051068,True,200,True,25,8,5,"(2.0, 0.8, -0.8, -2.0)",1.0,1.5,0.0,0.0,0.0,0.0,1.0,,external,s2_cluster_stress_bootstrap
6,44,40860746,1.619346638946285e-05,0.004925693910806925,0.0073274262266261915,2.1990906155462535,True,200,True,25,8,5,"(2.0, 0.8, -0.8, -2.0)",1.0,1.5,0.0,0.0,0.0,0.0,1.0,,external,s2_cluster_stress_bootstrap
6,45,40860747,0.0013594561415356044,0.022190199606678205,0.4473607127783068,9.514950536635045,True,200,True,25,8,5,"(2.0, 0.8, -0.8, -2.0)",1.0,1.5,0.0,0.0,0.0,0.0,1.0,,external,s2_cluster_stress_bootstrap
6,46,40860748,5.5121417952243415e-05,0.010577585021205147,0.025153701568571322,4.757499640370293,True,200,True,25,8,5,"(2.0, 0.8, -0.8, -2.0)",1.0,1.5,0.0,0.0,0.0,0.0,1.0,,external,s2_cluster_stress_bootstrap
6,47,40860749,2.9863680766442182e-05,0.005091423375000881,0.0130644654090399,2.159739346476578,True,198,True,25,8,5,"(2.0, 0.8, -0.8, -2.0)",1.0,1.5,0.0,0.0,0.0,0.0,1.0,,external,s2_cluster_stress_bootstrap
6,48,40860750,0.00011984839207215027,0.004053448130723768,0.055274025165502685,1.869682380652686,True,200,True,25,8,5,"(2.0, 0.8, -0.8, -2.0)",1.0,1.5,0.0,0.0,0.0,0.0,1.0,,external,s2_cluster_stress_bootstrap
6,49,40860751,3.248543354102146e-05,0.009155437233983849,0.018009691713454873,4.802071699018308,True,200,True,25,8,5,"(2.0, 0.8, -0.8, -2.0)",1.0,1.5,0.0,0.0,0.0,0.0,1.0,,external,s2_cluster_stress_bootstrap
7,0,40960702,5.921130567027754e-06,0.0005135625817750451,0.010935674502529776,0.8966644596197442,True,197,True,100,8,5,"(2.0, 0.8, -0.8, -2.0)",1.0,1.5,0.0,0.0,0.0,0.0,1.0,,external,s2_cluster_stress_bootstrap
7,1,40960703,6.032444128797717e-05,0.004325414824920249,0.1080749931130797,7.77950151769535,True,199,True,100,8,5,"(2.0, 0.8, -0.8, -2.0)",1.0,1.5,0.0,0.0,0.0,0.0,1.0,,external,s2_cluster_stress_bootstrap
7,2,40960704,9.594953722545769e-06,0.0025571087546551333,0.018082843548889012,4.768179238832613,True,198,True,100,8,5,"(2.0, 0.8, -0.8, -2.0)",1.0,1.5,0.0,0.0,0.0,0.0,1.0,,external,s2_cluster_stress_bootstrap
7,3,40960705,5.581553462844085e-06,5.095095809226687e-05,0.010005751521882225,0.0921555083520577,True,195,True,100,8,5,"(2.0, 0.8, -0.8, -2.0)",1.0,1.5,0.0,0.0,0.0,0.0,1.0,,external,s2_cluster_stress_bootstrap
7,4,40960706,5.683268462653726e-05,0.004606595639859263,0.09544071425217722,7.718676394346793,True,196,True,100,8,5,"(2.0, 0.8, -0.8, -2.0)",1.0,1.5,0.0,0.0,0.0,0.0,1.0,,external,s2_cluster_stress_bootstrap
7,5,40960707,5.8384511457910045e-06,3.186861531223078e-05,0.010435671572158115,0.05300399369930061,True,200,True,100,8,5,"(2.0, 0.8, -0.8, -2.0)",1.0,1.5,0.0,0.0,0.0,0.0,1.0,,external,s2_cluster_stress_bootstrap
7,6,40960708,6.450689151265814e-06,0.0015011515915882934,0.011661798549952102,2.697093893016945,True,199,True,100,8,5,"(2.0, 0.8, -0.8, -2.0)",1.0,1.5,0.0,0.0,0.0,0.0,1.0,,external,s2_cluster_stress_bootstrap
7,7,40960709,3.4989448676126675e-05,0.0027332274245266807,0.06102807903323539,4.820723768092421,True,186,False,100,8,5,"(2.0, 0.8, -0.8, -2.0)",1.0,1.5,0.0,0.0,0.0,0.0,1.0,,external,s2_cluster_stress_bootstrap
7,8,40960710,3.557554384386726e-06,0.0017543657910900875,0.006752356407566411,3.199045822582952,True,194,True,100,8,5,"(2.0, 0.8, -0.8, -2.0)",1.0,1.5,0.0,0.0,0.0,0.0,1.0,,external,s2_cluster_stress_bootstrap
7,9,40960711,3.7657092220898705e-05,0.003924578868303865,0.07514580428436698,7.31451301156262,True,198,True,100,8,5,"(2.0, 0.8, -0.8, -2.0)",1.0,1.5,0.0,0.0,0.0,0.0,1.0,,external,s2_cluster_stress_bootstrap
7,10,40960712,1.09269443387905e-05,0.002515386388856652,0.019217539513449736,4.277781944834885,True,200,True,100,8,5,"(2.0, 0.8, -0.8, -2.0)",1.0,1.5,0.0,0.0,0.0,0.0,1.0,,external,s2_cluster_stress_bootstrap
7,11,40960713,7.361258818144733e-06,0.0024925226972920037,0.01373671313419944,4.538584893812662,True,197,True,100,8,5,"(2.0, 0.8, -0.8, -2.0)",1.0,1.5,0.0,0.0,0.0,0.0,1.0,,external,s2_cluster_stress_bootstrap
7,12,40960714,1.8365512366157765e-06,0.003376443683236659,0.0036396475260602446,6.590717821387298,True,199,True,100,8,5,"(2.0, 0.8, -0.8, -2.0)",1.0,1.5,0.0,0.0,0.0,0.0,1.0,,external,s2_cluster_stress_bootstrap
7,13,40960715,0.00047685640647062994,0.007321736120606716,0.8260372955503473,13.793550922034893,True,199,True,100,8,5,"(2.0, 0.8, -0.8, -2.0)",1.0,1.5,0.0,0.0,0.0,0.0,1.0,,external,s2_cluster_stress_bootstrap
7,14,40960716,3.3255958199427127e-06,0.0012708409890734983,0.006157067026425317,2.235011410085202,True,191,True,100,8,5,"(2.0, 0.8, -0.8, -2.0)",1.0,1.5,0.0,0.0,0.0,0.0,1.0,,external,s2_cluster_stress_bootstrap
7,15,40960717,1.218132788656273e-06,0.0011065612992136149,0.0021087533858798707,1.9898716659763311,True,195,True,100,8,5,"(2.0, 0.8, -0.8, -2.0)",1.0,1.5,0.0,0.0,0.0,0.0,1.0,,external,s2_cluster_stress_bootstrap
7,16,40960718,6.296008283614548e-07,0.00037737820968305775,0.0011074003554289327,0.6444685960314369,True,190,True,100,8,5,"(2.0, 0.8, -0.8, -2.0)",1.0,1.5,0.0,0.0,0.0,0.0,1.0,,external,s2_cluster_stress_bootstrap
7,17,40960719,1.4199109653858732e-05,0.0022065385567706045,0.027519014845325238,4.285390331203605,True,199,True,100,8,5,"(2.0, 0.8, -0.8, -2.0)",1.0,1.5,0.0,0.0,0.0,0.0,1.0,,external,s2_cluster_stress_bootstrap
7,18,40960720,6.193366983145015e-07,0.00028883570122331074,0.0011157878446661138,0.5116872354077946,True,198,True,100,8,5,"(2.0, 0.8, -0.8, -2.0)",1.0,1.5,0.0,0.0,0.0,0.0,1.0,,external,s2_cluster_stress_bootstrap
7,19,40960721,3.250071337954724e-05,0.0038646997669451654,0.057737963617271404,6.93068017858492,True,195,True,100,8,5,"(2.0, 0.8, -0.8, -2.0)",1.0,1.5,0.0,0.0,0.0,0.0,1.0,,external,s2_cluster_stress_bootstrap
7,20,40960722,2.0577873365016348e-06,0.0005795737108693937,0.0035758434455818947,0.9946668178303618,True,192,True,100,8,5,"(2.0, 0.8, -0.8, -2.0)",1.0,1.5,0.0,0.0,0.0,0.0,1.0,,external,s2_cluster_stress_bootstrap
7,21,40960723,2.573297227329096e-07,4.436704245506203e-06,0.00045700392202839714,0.007636048333529253,True,196,True,100,8,5,"(2.0, 0.8, -0.8, -2.0)",1.0,1.5,0.0,0.0,0.0,0.0,1.0,,external,s2_cluster_stress_bootstrap
7,22,40960724,1.0942509049333727e-05,0.00033429828895648425,0.020086945471202117,0.6950879576901429,True,196,True,100,8,5,"(2.0, 0.8, -0.8, -2.0)",1.0,1.5,0.0,0.0,0.0,0.0,1.0,,external,s2_cluster_stress_bootstrap
7,23,40960725,1.3286871123856729e-05,0.0004031198025953496,0.023219348479062752,0.7035020245214428,True,195,True,100,8,5,"(2.0, 0.8, -0.8, -2.0)",1.0,1.5,0.0,0.0,0.0,0.0,1.0,,external,s2_cluster_stress_bootstrap
7,24,40960726,0.00012742907917297726,0.0037859234732304198,0.20435618944264092,6.269503945024209,True,195,True,100,8,5,"(2.0, 0.8, -0.8, -2.0)",1.0,1.5,0.0,0.0,0.0,0.0,1.0,,external,s2_cluster_stress_bootstrap
7,25,40960727,3.5158797686275086e-06,2.842823821759991e-05,0.0061736133192211015,0.05083799674349827,True,197,True,100,8,5,"(2.0, 0.8, -0.8, -2.0)",1.0,1.5,0.0,0.0,0.0,0.0,1.0,,external,s2_cluster_stress_bootstrap
7,26,40960728,8.31829971535704e-06,0.0021449875549655125,0.014266541191762992,3.604433494350291,True,198,True,100,8,5,"(2.0, 0.8, -0.8, -2.0)",1.0,1.5,0.0,0.0,0.0,0.0,1.0,,external,s2_cluster_stress_bootstrap
7,27,40960729,8.273776389480924e-05,0.0042693297262810905,0.14493212173012265,7.648961061170979,True,200,True,100,8,5,"(2.0, 0.8, -0.8, -2.0)",1.0,1.5,0.0,0.0,0.0,0.0,1.0,,external,s2_cluster_stress_bootstrap
7,28,40960730,4.7775042382337115e-06,0.0011655374703755579,0.008603368023396035,2.138229405989302,True,192,True,100,8,5,"(2.0, 0.8, -0.8, -2.0)",1.0,1.5,0.0,0.0,0.0,0.0,1.0,,external,s2_cluster_stress_bootstrap
7,29,40960731,8.499764078844917e-05,0.003963732709610456,0.15979405644689024,7.112699804339031,True,199,True,100,8,5,"(2.0, 0.8, -0.8, -2.0)",1.0,1.5,0.0,0.0,0.0,0.0,1.0,,external,s2_cluster_stress_bootstrap
7,30,40960732,3.546258302630833e-06,0.001835763402926745,0.006475101667569885,3.2089816164787535,True,197,True,100,8,5,"(2.0, 0.8, -0.8, -2.0)",1.0,1.5,0.0,0.0,0.0,0.0,1.0,,external,s2_cluster_stress_bootstrap
7,31,40960733,4.559840569987321e-05,0.002971321629171774,0.08099311820933516,5.1580966547070775,True,198,False,100,8,5,"(2.0, 0.8, -0.8, -2.0)",1.0,1.5,0.0,0.0,0.0,0.0,1.0,,external,s2_cluster_stress_bootstrap
7,32,40960734,7.470618636441377e-06,0.001744673241950972,0.014112749817521192,3.350263556863962,True,195,True,100,8,5,"(2.0, 0.8, -0.8, -2.0)",1.0,1.5,0.0,0.0,0.0,0.0,1.0,,external,s2_cluster_stress_bootstrap
7,33,40960735,1.5069578562016983e-05,0.0005870717525230486,0.028456810264938164,1.1208648429125936,True,199,True,100,8,5,"(2.0, 0.8, -0.8, -2.0)",1.0,1.5,0.0,0.0,0.0,0.0,1.0,,external,s2_cluster_stress_bootstrap
7,34,40960736,5.529870007988186e-06,0.003259268291988769,0.010199471943113516,5.8834895217270065,True,200,True,100,8,5,"(2.0, 0.8, -0.8, -2.0)",1.0,1.5,0.0,0.0,0.0,0.0,1.0,,external,s2_cluster_stress_bootstrap
7,35,40960737,7.532169114954174e-06,1.6917222860739866e-05,0.013713637211572396,0.03036380577601564,True,196,True,100,8,5,"(2.0, 0.8, -0.8, -2.0)",1.0,1.5,0.0,0.0,0.0,0.0,1.0,,external,s2_cluster_stress_bootstrap
7,36,40960738,1.748366648260947e-05,0.0025318432040177326,0.031089586906546184,4.512543545655714,True,197,True,100,8,5,"(2.0, 0.8, -0.8, -2.0)",1.0,1.5,0.0,0.0,0.0,0.0,1.0,,external,s2_cluster_stress_bootstrap
7,37,40960739,1.0513277678316542e-05,0.000162545930826578,0.01758520043419606,0.2782251492205182,True,192,True,100,8,5,"(2.0, 0.8, -0.8, -2.0)",1.0,1.5,0.0,0.0,0.0,0.0,1.0,,external,s2_cluster_stress_bootstrap
7,38,40960740,3.484121873046525e-06,8.410876549708909e-05,0.006595711991682934,0.15457410826771892,True,197,True,100,8,5,"(2.0, 0.8, -0.8, -2.0)",1.0,1.5,0.0,0.0,0.0,0.0,1.0,,external,s2_cluster_stress_bootstrap
7,39,40960741,7.011660281782261e-07,1.589782997662011e-05,0.0011924976840475801,0.027308484653037556,True,192,True,100,8,5,"(2.0, 0.8, -0.8, -2.0)",1.0,1.5,0.0,0.0,0.0,0.0,1.0,,external,s2_cluster_stress_bootstrap
7,40,40960742,3.66193311085036e-06,0.00040021154148752965,0.006558922827990604,0.8063006903416247,True,199,True,100,8,5,"(2.0, 0.8, -0.8, -2.0)",1.0,1.5,0.0,0.0,0.0,0.0,1.0,,external,s2_cluster_stress_bootstrap
7,41,40960743,2.164443224923314e-05,0.0032206176288527917,0.04098961115157464,5.979397366289526,True,197,True,100,8,5,"(2.0, 0.8, -0.8, -2.0)",1.0,1.5,0.0,0.0,0.0,0.0,1.0,,external,s2_cluster_stress_bootstrap
7,42,40960744,7.754371859612166e-06,0.00351436205856489,0.013771328793471833,6.244532987124017,True,198,True,100,8,5,"(2.0, 0.8, -0.8, -2.0)",1.0,1.5,0.0,0.0,0.0,0.0,1.0,,external,s2_cluster_stress_bootstrap
7,43,40960745,0.000384984443281542,0.008879179567665096,0.6996583289561943,15.779326136141108,True,200,True,100,8,5,"(2.0, 0.8, -0.8, -2.0)",1.0,1.5,0.0,0.0,0.0,0.0,1.0,,external,s2_cluster_stress_bootstrap
7,44,40960746,1.2860296853031396e-05,0.0022901853376461213,0.021949237978140367,3.9426337524156465,True,196,True,100,8,5,"(2.0, 0.8, -0.8, -2.0)",1.0,1.5,0.0,0.0,0.0,0.0,1.0,,external,s2_cluster_stress_bootstrap
7,45,40960747,0.00011770730642398337,0.005490036854033103,0.20546631010438798,9.79105456742606,True,198,True,100,8,5,"(2.0, 0.8, -0.8, -2.0)",1.0,1.5,0.0,0.0,0.0,0.0,1.0,,external,s2_cluster_stress_bootstrap
7,46,40960748,0.00075814668911372,0.010685412585699695,1.2946607078192482,20.05738945562951,True,199,True,100,8,5,"(2.0, 0.8, -0.8, -2.0)",1.0,1.5,0.0,0.0,0.0,0.0,1.0,,external,s2_cluster_stress_bootstrap
7,47,40960749,3.298731091766835e-06,0.0003537326294621802,0.005959899956450299,0.6524154900502004,True,198,True,100,8,5,"(2.0, 0.8, -0.8, -2.0)",1.0,1.5,0.0,0.0,0.0,0.0,1.0,,external,s2_cluster_stress_bootstrap
7,48,40960750,4.252585578748913e-05,0.004212691247289719,0.07035761985351145,7.441392629911368,True,194,True,100,8,5,"(2.0, 0.8, -0.8, -2.0)",1.0,1.5,0.0,0.0,0.0,0.0,1.0,,external,s2_cluster_stress_bootstrap
7,49,40960751,1.2089079492060548e-05,0.0031078757779120186,0.02190759847020443,5.794403688554634,True,188,True,100,8,5,"(2.0, 0.8, -0.8, -2.0)",1.0,1.5,0.0,0.0,0.0,0.0,1.0,,external,s2_cluster_stress_bootstrap
