y,x1,x2
1,1.0886148708860344,0.20587588176477578
1,1.2269983135500635,-1.5630903936367901
1,1.8629447104514993,-0.801924880591057
2,-0.8335701376758634,-1.526801741515827
4,0.9732742079283558,0.8659877842752517
3,0.46021641459382556,1.0329101882202987
3,-1.3918363890795977,-0.8690448041583676
1,0.8360046550304515,-0.9772817551552886
3,0.5414647433828202,-3.1171592814034046
2,-0.9989437115074904,0.35164422281152946
3,-0.5248290787517329,1.3892274300705563
4,-0.7868985808251878,0.7528159964326497
1,0.20859152329737532,0.011738798923055039
3,-0.5655335828213689,-0.5182753584110839
2,0.02473650105584821,-0.14791193638294764
2,-0.6264806597990705,-2.3476664917086567
4,0.2936133576819833,-0.045279376293584556
1,1.8238464925134505,-1.0780647489473618
1,1.110528814442166,0.8445823281887516
4,-1.643171562550039,-1.0014604024933524
4,-1.8150693776893025,0.2171553521187836
4,-0.6831234487126632,0.1156075070395953
1,-0.08130013277731812,0.06379161183003758
1,1.0435689358346807,-0.5397739771785504
3,0.1773977841753036,0.5854380972253622
3,-0.7710273626790743,0.5527283567271434
2,1.1284402009239949,-0.6137875546652855
1,0.19329742657252066,-0.7277472300382517
4,-0.4988050501990641,-0.6666464774793347
4,1.9572648094663496,-0.7324541385576502
1,0.48990834502418434,0.7557500090376131
3,-1.1850495827332885,0.5093556758673274
3,0.040777294798426046,-0.6785607287630697
1,1.0452056962137508,-1.4050381145589788
1,1.4584185927969366,-1.7840479614332478
1,0.5982113641385006,0.20146944450733892
4,0.9945815232501316,0.8364531849720406
2,0.37999814509606555,0.6035231582920978
3,-1.9695191037341289,-1.4390706768525574
4,0.32900941493526964,0.11957717342648463
1,2.7244432019835902,-0.9545914653856417
3,-0.1395540920862887,0.4017918698891555
4,0.4044257800975448,-0.40335017548618857
4,-0.5483572309353476,1.3042260551470801
2,0.2113900726580555,-1.5793997139608988
3,-2.388461711370867,0.181851535526216
3,0.9478426772905162,-0.5355029519722478
2,1.777892735303128,-0.4477942936298362
4,-1.6410930209743584,0.7778556684521696
3,0.4001300071012337,-0.09595751245246638
3,-1.3636535150193034,-1.1667285264095748
4,-0.2580830864688992,0.926441760432391
1,3.342703421872339,-0.3501312239693563
4,0.2801717402047288,-0.11730452052919364
3,-1.8993649579002243,0.6374806376281478
1,0.09494536400764697,0.0910676788811255
1,0.8467021465034218,-0.14622853040701303
4,-0.9120468355290293,2.3487639602780708
2,-0.9475671407911073,-0.14367135919248028
1,0.10548539170099758,-0.5252906124876012
4,0.129613122797791,-0.5555491620557562
3,-0.7244996239672541,-0.3433553496415795
4,-0.018862453074321762,-0.3718710013070932
4,0.4611145704796333,0.7325446986265851
4,0.03384131650530237,0.8657996757848411
3,-0.15062690939711196,-0.634829691276047
3,0.34949663620298177,-0.4169930008122963
2,-0.2921575373353954,-0.005282236742851584
4,-1.385512134546822,1.8374501779208834
2,0.9620104106000168,1.0083025126744134
1,2.2822666908982603,-3.1366900088928076
1,1.5651708924685575,-1.6952888750074482
2,0.3901748245349841,0.20314900150430698
2,-0.013133833523301795,0.8231437270261536
3,0.9710008385114725,0.31658698590936407
2,-0.7606984089956863,0.09918550836801597
1,1.2173844523292083,1.7948927980719045
2,0.33855467794698824,-0.0028003681678454334
3,-0.3290093937858568,1.4404905556926584
1,1.5002836019255368,1.3931753182125537
4,-0.5930621327142561,0.14976147441454907
4,-0.899645641358559,1.0556132949679486
1,1.4159429525795477,-2.257431973971882
1,0.6100187135105426,-0.8627336339515448
2,-0.15283792105466926,0.6849414370524256
3,0.42700408336697193,0.21163059074312435
3,-0.9638942884519971,-0.7932644727478921
3,0.42927040538171524,0.4177563769675028
4,0.7874229766240189,0.5437156697442368
3,-1.3172504992382372,0.8933706934443876
1,0.5409107002744205,-1.6111389938627247
1,-0.06255772603561231,0.747983762291946
2,-0.23915092412578462,-1.1495239359426686
1,0.053887421704256463,-0.2539952205612549
3,-0.742256486077413,-1.0674334633658875
1,0.591445158468258,-0.09544316526528189
2,1.2778172940895371,0.11277705230815654
4,-1.0669950896504559,-0.9515290938560028
3,0.5712009507216516,0.01710161426603991
1,-0.6275582889618567,-0.8712153902898985
1,-0.08835237421947012,-0.4596480235814948
1,0.5132026416834203,-0.8109267709315107
2,-0.8304485934834442,-0.46067815759888764
4,-0.23087925000413861,0.2883151397111215
1,1.3324567237014577,0.7913535086195482
1,1.694066087644558,-1.4087289725139875
3,-0.1666806004662323,-0.08253706483848394
1,1.4265377161663761,1.8961207306430805
2,0.9278733064429111,0.9764310302815841
2,0.5300087071125752,0.3237433080770286
2,-0.35539319508017414,-0.3066252086390915
4,0.7301904229840578,-0.1454024652043429
4,-1.901775694998949,0.05188161059358865
1,-0.3217036999220925,-1.8545246880230404
1,-0.11911971181376169,-0.6624188084390417
3,-1.9467231197976236,-2.077528249080142
2,0.8507420226583606,-0.5265705128084647
3,-0.6730469728252209,-0.24518144324126478
4,-0.30134249390227646,-1.3751177014089921
2,0.05090807770812309,0.9476597742049861
1,1.6757879546106136,0.8833274027938817
3,-0.8964402236079004,2.4007011191307717
1,1.205606058898657,-0.26719205886638414
2,1.615633957658368,0.4522893835790657
2,-1.150757287072524,-2.3433030811535582
3,0.10935609810742736,-0.13105436592209865
4,-0.1932511968667844,0.47186135046391575
4,0.6482022776842072,0.30609670740896955
4,-0.026076982345499114,0.40994373794480177
4,-0.3234970416169856,0.4052601111328418
3,0.23982278948492672,0.38307774577986553
1,0.6772305843179792,-1.336168730075206
1,0.574204572186947,-0.08154350094596452
2,0.7163916894833859,-1.07582494039108
3,-0.14115715116006294,-0.28566029594111897
2,-0.332488819584593,0.1339971303227614
2,-1.726877257584297,-1.4829443823144943
3,1.0927100660885032,0.18227542396131366
4,0.9737026357372975,0.4056647463587088
2,0.420929051060914,-1.4328847356213286
4,-2.1424410177998943,0.7392569543888801
2,-0.651480391124208,0.7623662569509787
4,0.0983243696020241,0.9889144273612855
4,-0.18944677298173274,0.5515860651822957
2,0.738636397519767,-0.9076987479713051
3,-0.4152700102935705,-0.05148268167706278
4,1.2476631383559706,0.7143853467613456
4,-0.15381856451366957,0.9573768317772972
3,-1.4634000285452713,1.3034996318202559
4,0.06930060867827638,0.16589326290532988
1,0.9576243325926177,-0.06957504215614856
1,1.2505084010352352,-0.6773111650806019
4,-1.0830777779204566,-0.20582835734263663
1,0.5623335271563242,-0.934175780707621
1,0.4168760297537382,-0.6393802612855841
3,-1.2922908447362091,0.8973561396211508
1,1.4200675563998948,-0.9190163919447881
2,0.5793811145225704,-0.4374013238203299
4,-0.3812267387202681,-0.06356646743495978
1,0.5088533134584139,-1.2814472492349427
4,-0.4201057882478016,-2.4318380379725575
1,0.16148294161538024,-1.1619079515873043
3,0.20658966384346747,-1.0364049829334894
2,-1.0706745920196237,-0.35247732066652254
4,-1.001655349523646,-1.2285367386835213
1,1.2379463401617012,0.24893698166571188
3,-3.2781718185093833,1.1722331759711497
3,-1.035859102292961,-0.8109827483570674
2,-0.8188782437667148,0.15044595125729338
1,0.5018369121639651,0.2101376123489209
4,0.6053426418271318,-0.3642833479175886
1,0.9131178253472851,-1.29444926597117
4,-0.5134023497299774,-1.8770885725306006
1,0.13912548008645234,-0.5151393492948106
4,-1.585086271552487,1.6855970803355351
1,1.7947269225156348,-1.2174003581456792
4,-1.9821244621027332,-1.0564112785975461
3,-0.5886620661605946,-0.8650919237165532
3,0.5382413122563375,0.42641737047513256
1,0.9247042380102509,-0.3029410012759254
2,-0.3701906355664103,-1.3753099343227775
3,0.5017113533608577,0.14251397336143323
3,1.9259351418323534,-1.3453075703670363
4,1.3063826029317505,0.8216173946732104
1,-0.43976536578370395,1.410656639013821
2,1.244299435523771,0.36929951329049554
4,1.0496785977886036,-0.22229651403536443
2,1.0269633209821754,-0.0884936749844759
1,0.800734567444373,-0.40308908282338407
4,-3.0032374965612543,1.0693133639992118
1,0.683758527762891,0.04404375064880864
2,0.031809281016973064,1.0371589032343167
1,-0.03240037598545371,-0.15410822060065035
3,0.6423723523867951,-0.18223072940981325
4,-1.0911653025988661,-1.10200450439414
4,-0.7173452053702203,1.8744975327314515
4,-0.1817083904135305,0.05902093703201316
2,0.056122635047731066,-1.510311078297485
4,0.09969093870028624,1.7825837887594547
3,-0.8578860600569143,1.0179417266947943
1,-0.5413328979734134,1.1615825436474336
3,-0.022678372664755184,1.195256823964466
3,0.7750974435146128,-0.20033798780953435
1,0.8224488950059764,-0.09747552024895001
2,0.5345938722031152,0.2452733165295223
4,1.0257761122902291,0.10135526486423094
2,-0.27442831371674586,-0.04977508839168863
3,0.7171715558666675,-0.28516119668357887
2,0.08823542720396833,-0.17380090569700626
3,-0.0688652011700334,0.5271199715530387
1,1.0710713221272339,-0.23331602915877134
2,0.07480260937905867,-0.16478384396295176
3,0.10247036842624661,0.9185485787793444
1,1.6916381337481583,-0.07515407515095705
1,1.4296620885698712,-0.7678388990199414
2,-2.1575579233794993,-0.6022671145056738
3,-0.2684365843949625,-0.7590139530265767
3,0.030560222032674018,0.4144978146062633
1,0.9603627426378128,-0.2050138473927307
1,1.0032445673369428,-0.6267830435820853
3,-1.7322517624092395,-0.6772681432314249
4,-0.36046026543089854,-0.02710345995948295
1,0.5463793686341147,-0.2323177633082407
2,-1.339621246386834,-2.988484677286705
1,-0.5140068662641859,-0.9536526895927054
3,-0.24856170504544364,0.1249742209497404
3,0.2905623237760019,0.08463805459409497
3,-0.23315070288918083,0.9065920704368621
3,-0.746828802292614,-0.09165837680347383
4,-1.7608497027686656,-0.27776681941774944
3,-0.16066320716726046,0.19846109680369525
4,-2.2918798794265696,0.7220415973210854
4,0.3117267691624268,0.07711551934647598
2,0.9673429810913471,-0.4932192142657813
4,0.37396308948649903,-0.40517457076544283
1,1.0864714661531039,-0.6028838367351337
1,2.2684397063411543,-0.19339523841040251
1,1.191068657829714,1.814083097944378
1,0.5603788962114972,0.5993817177681823
4,-0.7188768665487906,-0.026072026943471313
3,0.04112872474693226,1.1811406960171955
4,0.31162536117475526,2.415374071759827
1,2.4592566774401754,-0.057883622279400165
2,0.8124707310386802,0.3784641439314861
2,-1.0137986948214093,-0.111785178872567
2,-1.6521316187271609,-1.0212985640326557
3,0.3517395813126934,-0.9182149157047729
4,-2.197636876759187,-0.43601046907614
2,1.0013809051064047,0.3610686051576865
1,1.5043729859207184,0.26664215625906174
4,-0.4651321269725312,-0.548168279724998
3,-1.2403081448420221,0.47455477029840376
4,-1.0652157219499687,0.8197779222537076
3,0.7588647830270252,-0.4164980685527021
3,-0.7473365551990365,-0.6742178861503453
3,0.24790921729653653,0.5209301035800792
1,0.521770737342912,-0.42601293211110164
1,1.37988752004811,0.016408126922338218
1,0.20743761957673176,0.12642336623936737
4,-0.5061129460319373,2.470297399864366
1,0.23274552173507493,0.9831674006782105
1,-0.05862967861538214,-0.1798979726460226
1,0.13231347801623985,-2.0629502204485934
2,0.4277704908397206,0.32508074501707346
3,1.2781637127795207,1.6626275270094806
3,0.23182724330025953,2.2516805756489777
1,-0.17758095837856938,-0.37346747616298337
3,1.293679146444344,0.38661497145329077
1,2.1000699324592413,0.7603446537638756
3,-0.13707379187353416,0.0715963125359953
2,-1.3310428231245235,-0.9104187333887552
1,1.6775848806514202,-0.06341222043219338
1,-0.4101242176228326,-0.4145763667578814
1,-0.3709815614469942,0.46919592141114635
4,-2.2516891201456963,-0.2560183178603983
3,-0.9112129637761016,-1.2864609494564876
2,0.15287330334695026,0.23312236843473372
3,0.44114045626684273,0.9952643908547543
4,-1.1584679176491204,0.18663949671615995
3,0.20062946859142355,0.28346239867250117
4,0.751743819265741,1.9159674463114604
4,-0.5976284227814904,1.1435145352337301
3,0.42136173629009743,0.8421643791023086
3,-0.6736428727965318,0.8930851948608897
4,-0.40419263461285837,1.1982916890316273
3,0.25330899074042135,-1.190911347279083
2,1.1843878460036994,0.23640356631348122
1,0.35601779214238033,-1.6520903033814984
4,-1.6040696113087225,0.31678178141575086
4,-0.08341043506931009,-0.16685884347104443
1,1.563904703696464,-0.884878658304621
2,-1.5279675633854037,-1.3716207101603715
3,-0.39502216715053445,1.524853646904219
3,-1.418259410241471,0.05191483588971156
1,2.3595976314629965,1.1438220037771523
2,0.6093031685443472,1.2852265269071141
2,-0.6364819643804922,-1.0985833788651433
3,-0.6838589692925707,0.3981765382443474
1,1.195981721410269,-0.45814855553477685
2,0.2777727037376886,-0.8777338448208427
3,0.29660272787041925,-0.20868609140214542
3,0.6146979147692804,0.06916602417598655
4,0.40746898501626316,-1.0808922956914326
4,-2.2972006661561992,-0.6424708155618608
2,-0.8095066543415411,-1.9498025641170744
1,0.6667806856218624,0.7083503718055354
1,-0.46145972012598785,-1.7532444097610427
2,0.41412522880963554,1.427283792413074
2,-0.5120286200614763,-0.5837155453719511
4,-1.2789855221022854,0.41219531908658164
4,-0.20148075671480045,-0.5116018270629659
4,0.7765855314751536,-0.42874759561694675
4,0.8584782213362857,0.5569271564098371
1,1.827020951143383,0.12306066918754772
4,-1.0104313610235098,0.9752103893618747
2,-0.24924922262267987,0.03147327843607858
3,-1.8476766200736252,-0.08063560714941738
3,-0.8640603067651113,-0.46150121587284093
2,-0.3092420557386746,2.1946113895927226
4,0.12071185931361063,0.545827840173216
2,0.6370339821720207,0.07627394974477532
4,-1.8969158042342036,1.197860411220817
4,0.6906960753683437,0.6281440559869362
1,0.6756633543000248,-2.5018507041666576
1,-0.8523861729976688,-0.22793931564577757
1,1.0812945768554831,-0.2386568965649956
1,0.5284360886248239,0.02380462958878433
1,0.9836584631007276,-0.012406500250776024
2,-0.16127594318808092,-0.5466673992401886
3,-0.8925827735480769,1.128907347733442
1,0.6180910987723574,-1.592266965361319
1,-0.02699564167818283,0.11347639132561912
3,-0.16656891745673957,1.9518372476342039
1,1.379021229939064,-1.769331469400219
4,0.3147524419396961,0.44626324393286415
3,-0.25470605776392324,1.926229179758043
1,1.024617269493575,-0.21928666452943885
1,-0.30669776633613255,-0.8777582186373133
2,-0.7605180235124479,-0.4488660582851338
4,-0.30803720539573776,0.6046356947804198
4,-0.1972999227956759,-2.003593744128036
4,0.025179320591366117,-1.5701270040970745
1,1.08492129986559,-0.9214946779578558
4,1.5652299074196199,-0.27420528534783944
1,1.6429923929800219,-0.44033577871620827
2,-0.3408327267159706,0.44894109074376226
3,1.2430255259631646,0.9737265359968686
4,-1.6639058759517085,-0.7156241835483977
3,-0.2958983771615463,0.15473826869531496
3,-0.4930728308157334,-0.32403473554301154
2,-0.6619708959163654,0.14215730288376408
2,-0.1243385771901991,-0.962553734551304
2,1.0175908339791766,-0.5621333511382971
3,-1.0709098345225392,0.3895574223953064
1,0.6437294634170155,-0.5031888979515668
3,0.043063345676977935,-0.06106892168130275
1,1.0182673294034608,0.828553998124603
2,-0.5788600129377438,-1.0272581911013354
3,0.8881599301527972,1.3516292152741503
4,0.7958388328507704,0.7540507868646628
3,-0.633680880094151,0.2861254324378568
1,1.0506166258972742,0.05179970926405883
1,0.7917780262602219,-1.1537365871438896
1,2.1592570242322986,-1.6943468230360097
3,0.5753899538120276,0.9722610369700252
3,-1.1506248537144936,-0.5083663450666172
3,-0.6919755693496781,-0.5397435182046935
4,1.1914832904872845,1.9563313174152082
2,-0.3398544436056963,0.21176962306711256
3,-0.6876697094843341,2.381137729330473
4,0.6362751206249836,0.8462030431821288
4,-0.7830570661517872,1.057184112342709
3,-1.3522839813080687,0.0075901583047980345
1,1.606046314648769,0.12151241040412734
2,-0.7216673034621939,-0.39687232657364724
2,0.12453952954959284,0.2992326179564545
1,-0.23299441121392583,-1.5466951237554605
1,0.6597962855343491,-0.683611335137355
3,0.8456632165507098,0.8174158712022184
3,-2.0646875039459167,-0.0963271962077084
4,-1.117030305214243,1.7080400538468123
1,0.3569135730479274,-2.0833948576776247
1,2.6673783991666364,-0.6204022863514763
1,1.514384955521578,0.4555961558725553
1,0.17153917488794887,1.9854697426823473
3,0.9859509580070055,0.24919652406735002
3,-0.6541958792009638,0.7043706717104479
2,0.1651101902557094,0.05082299815738053
2,-1.7487639577898775,-1.4548195285969054
2,-0.13658037061556894,-1.1207717954207235
2,-0.17522195370655438,0.9238048373654875
1,0.8635580048352027,0.18115064943269396
1,1.7348432802942504,0.3624241702294798
4,0.1970307751049922,0.5029271426274655
4,0.49415290198493306,-0.5031604911827704
4,-2.113210946027067,1.0286977237672352
4,-0.6400813303777917,-0.13009877555319663
4,0.46297438847177763,-0.17987168132868903
2,-0.6329508176936391,-1.469114340501004
2,-0.29074589102905835,-0.8984275184373466
4,1.057967771725888,-0.26616037746971677
3,0.33601971153485244,-0.35051081274711454
2,0.4829698342165146,0.3413050061628998
1,-0.06709768979661575,-0.6839377032512813
1,0.5150333314713162,-0.9199572414569146
3,0.6653398877182523,-0.33447373810399783
1,2.401405837106565,-0.6274272414710673
1,1.4635744672824582,-0.1022560146658098
1,0.815442409301531,0.5148701535496863
1,-0.42136303312233603,-0.4317220027133872
2,-1.350874343826277,1.3053641972833006
3,-0.36201162723276176,-0.8019799859350292
1,-0.5600935902870072,-0.643948410056922
4,-0.9573213224035125,1.3468886458229519
1,-0.6123549607505403,-0.4359581358765697
2,-0.009478783872459299,0.2452829584113281
1,-0.0795691824803993,-1.2950610070034017
1,-0.08222046551715775,-1.7678704583751355
3,-1.1182076128694196,-0.33309321173635414
1,0.46512704426359924,-0.4809755128924254
3,-0.7229040245399723,-0.6728843203304701
4,1.8519331033996234,-0.5748114544245345
1,-0.7351888485856368,-0.8743744401340493
3,-0.3455125596122421,1.1459773000847773
3,-0.329837238526247,0.29647924809039244
3,-0.9756107808131917,2.150923256326693
3,-0.9620784473160117,-0.3898713363583681
4,0.09228995406539592,0.5478157449623589
1,1.50274304230214,0.8983962141101564
4,-0.17126320577613943,1.6582615467428345
3,-1.2988831035839294,0.1594843136798942
3,0.5915219426916632,1.5175772343222156
4,1.0417581385613903,-0.5025787969631693
1,1.3806036159360051,0.34240407841312465
4,0.11822755518112697,-0.27289999735752074
3,-0.8849627891677945,0.13515719035116439
1,0.6829586138123361,-0.25895299212480904
4,-0.6427060978558193,1.0123531863570743
4,-2.5752737675764914,-0.6834727328755489
4,-1.4504415418998757,-1.0639080431971368
2,0.027766367493921616,0.7815470401433465
4,0.2610525232932523,-0.472973703974474
4,0.0714340303071779,0.7262460335623746
1,1.9333448527520674,-0.6065451744802269
2,1.7098218159603893,0.18100542480750825
4,-1.7469389947922431,-0.2156834216747955
3,0.5415445529105912,0.310218612586883
4,-1.8704859813002879,1.3303585267196434
3,-0.5864163288717255,-0.6960891659395831
3,-0.09138923288094189,0.186369637071987
4,-0.4601471286353358,0.9105250151427533
1,2.6103524413049146,-0.32383345431445143
4,-0.24485990418870515,-0.19875370621361432
2,0.32423493070059456,0.7377381885489512
4,0.02559977431343926,0.17751130226287004
1,0.7233840240886628,-0.33495184414527845
3,-0.09562197577801793,0.11785401929966657
3,-0.28909264962764636,-0.09720686741736045
1,1.2197606351006762,-1.9198448347869252
2,-0.58505424995053,-0.8222239802874227
3,-1.6565870979698591,-0.40421577964687244
3,0.9096529993206649,1.1159353252620896
4,0.7835242176994137,-0.19697367363971474
1,1.2124549088463787,-1.0566558306014024
4,0.2931433905347246,1.9087339025366747
4,0.5704038893755399,-0.0022044189259792443
1,0.6630827722308791,-1.1244250813193675
4,0.3751295829886628,-0.30034088604162773
4,-1.5644139635653092,-0.824823635395565
2,-0.2028431222962294,-0.37492029420008116
1,1.569365076193092,1.9541499327542593
3,1.186241171636695,0.3979384431602588
3,1.2832448339611606,2.0465681806208913
4,0.7679731515466264,-0.8255427875713487
4,-0.12021790059054395,-1.650947859620546
1,0.6404149531077197,-1.0903271784480417
2,-0.6717433541089479,-0.6584729473283525
3,-0.4878614450494789,0.4568539587163763
4,-1.186241632126766,1.3408654115342242
4,-0.6888476084667113,-0.03529373130801268
2,-0.23205598849165054,0.4440458087122935
1,0.4878539729332774,0.8883196339914359
3,-0.45134160912222626,-0.5682702264533465
3,0.4192434223117328,-0.61060828792523
1,1.3574996431207902,-0.5744680460883803
4,-1.6871196075089612,0.1897162841622298
1,0.5151819339231639,-0.9850190848705441
1,1.057654511919466,1.176883449969362
1,0.6057805027343467,0.16337199254466983
3,-0.8626623808238195,-2.4113719715689648
3,-0.6732462685809891,1.8410440046782757
1,1.4395666427484721,1.0180900254981944
4,-1.9134300256452315,1.6694396358417047
4,-0.7472565013501304,-1.4425821266431085
3,-1.8932517116302416,0.08236650999438201
4,-1.2171042270931467,-0.13329891487796766
3,0.5043013353592349,-0.5464329453600425
3,-0.7552459467943119,-0.3314776988166781
3,0.610012806670011,-0.24800258224356223
4,-0.009231626498692608,0.33348555627461424
1,1.2180456604314707,-0.9306227426275364
4,-2.082901236909323,0.09902644752872419
3,0.6379885074925274,-0.7435788019690078
4,-0.6652767705918572,1.1822501603752948
1,0.5007568184624622,-0.7634622152624482
1,0.9095494885031089,-0.23939234059368178
1,0.9835973115887856,-0.8147697047162669
4,1.028836797283382,-0.37668575174562285
3,0.8141384317236622,0.25115213753855803
2,-0.9150818926747631,0.4066600095013883
4,-0.23951854203778583,0.5801736184545948
3,-0.038304888353920354,0.7583679160426982
1,-0.16951468200387637,-0.22236865475812367
4,-0.19846063543149992,-0.10768114372961385
4,-1.074581939446972,-0.3286019059461901
1,0.10033323534725178,0.3699455345367769
2,0.1747593843624451,-0.43982570933169435
4,-0.5030839138391169,0.2699944490429051
2,-0.8420539077821216,-1.6347982678594941
1,0.7764096477733216,-1.7363637056125316
1,0.8747207565624079,-0.25832087729784187
4,0.6605575319403921,1.0778628750881776
2,0.586824289564235,-0.15746674339584332
1,-0.9171425329534444,0.36202744382434293
4,-1.062734432811427,-0.874731523184933
4,-0.718815635568048,-0.7087054152904081
4,-0.7964126117455149,-0.7387510131157601
4,0.8292920148789289,-1.5211586609757826
3,0.3749242956414092,-0.507351481848947
1,1.2050293359871451,-0.1847910686987539
3,1.9785105535051217,0.26040990294022637
3,-1.9331129659853568,2.643531656361413
4,-2.3551378631371587,1.255955518266619
2,-1.764835535789431,-1.009806775121113
4,0.40576557985186157,-0.5399479966052457
1,-0.09390560748325263,-0.1408787993020008
4,-0.7773383123089184,-0.5410346120660929
1,1.3914640776585794,-0.5987291609426049
4,-0.1049064261615747,1.5976265941427035
4,-1.0251850248284027,0.13749028444099357
3,0.15011778734751915,1.7093813720540174
1,0.136718200854328,-3.207072327882534
4,0.24254030229122617,1.6726656734580416
4,-1.1270522573064288,1.0414535968126475
3,-0.1759699404631346,3.1530114677918393
3,-1.4170744826167907,-0.32276091911556115
4,0.5039459020277397,-0.40235119377576445
4,0.253630995379058,0.32512414933212613
4,-0.7067585027701614,-0.9605331953575228
4,0.4486837551313423,0.5599841625210517
2,0.4099189981996892,-0.9790275104120352
4,-0.6889703754408014,-0.7016866791815387
3,-1.0495243214588745,-0.3770901488538297
2,0.14560332324520417,-0.15119776431081772
3,0.8818095757191297,0.4971545101236714
2,1.1594180978899435,1.4367571401408505
3,-1.2317972707528622,-1.6610045143925625
4,-1.1816528106407242,-2.619752185706824
4,1.6327062291256031,0.3606626362104739
3,0.49708315402110825,0.5366598517940927
4,0.7802358029836891,-1.2397657108207967
4,-0.26325358767287865,-1.0292044071354607
1,-0.24298297141042324,-1.0359864207855207
4,0.2918678527149972,0.816626636756145
4,-0.09407703513346584,0.8790423629721842
1,0.10439152493294311,-0.6263565105605439
4,-1.709815981051701,-0.5587532822151718
4,-0.47387877901799763,0.5496058092502704
4,0.9514516032441864,0.2836557240167918
1,-0.6416466166472521,-0.107938155181162
2,-1.520587147568349,-0.035652329152171924
3,-1.167863626035273,-0.05232407233023334
4,0.29071733275781636,-0.5223964393774647
2,0.510086812686643,-2.1982115280491765
4,0.5016360395866584,0.04709209750626563
4,0.7610809538949584,0.5654004655184008
3,-1.4328223719406301,-0.12904646649378745
2,-0.4669345508054195,0.045278352670879055
4,0.18219183799040503,0.020051110692009867
4,-3.0455844372318697,1.0145690772172358
4,-0.2782155823428669,1.6273774991834349
2,-0.8622562632630744,-0.5602601264464719
3,-0.9059033384226345,-0.37068144569291855
4,0.2523552231618885,1.0674038882478198
1,-0.8417468737013378,-0.6138771491528016
2,0.8602186440114253,-0.0725168880819244
1,1.3196705274321112,-1.4947407423931989
1,2.34156348658553,-0.47825342087361733
3,-1.421722600470635,-0.7245325431349712
1,2.715721851564097,1.09158410879229
3,-1.1298101599418175,-0.17398335610298707
2,1.9436905767700634,-1.2997636094984133
1,1.5510779934158356,0.432309519590046
3,-1.6825700364994676,1.2285348380423964
1,1.2834143634691721,0.09884812595218789
3,-0.20891174408699864,-0.8294772434789351
2,0.8385494786772736,1.1739072486766307
3,1.0152157525802736,0.7412844266812489
3,-0.28266605346400786,0.07176292332331888
4,-0.7815139985419883,0.3815386756992411
1,0.29700469225642623,-0.6732714370131951
4,0.44315107847422636,-0.5069465730575876
1,-1.1334583617573177,-0.11126914192795094
3,0.03573673747463348,1.0703467631106245
4,0.36359933643397063,-0.8841013486845143
1,0.5207870526271795,0.4147102469302754
3,-0.6889845583831221,-0.17186056966605961
3,-0.8429883714884602,-0.7672368161745058
3,-0.6841371826066883,0.45625068210654246
2,-0.2870309715816564,-1.868209346007631
3,-0.12519713493586487,1.883666006261254
4,1.3967321358154594,0.9703377748244563
4,-0.34530593988843455,2.1209130687977398
2,0.18632200571713667,0.10911071815168144
4,0.1763605858026987,0.0290673851130482
4,1.5784923507970088,1.281560718050313
1,1.9565114710719826,-0.8293309873730031
2,-0.12653418401039937,-0.7798835154850957
1,1.268018311300966,-0.836302767055193
4,1.0215465317036725,0.2588539860640431
3,-2.0192920230589904,-0.8562067882523838
3,0.19883165389227422,-0.7103236247901843
3,-1.3959107182601609,-0.12363236905633952
2,-0.23762631634355777,1.1115338976418339
1,0.3991609585228376,-0.7030488841977234
3,-0.47095276410203807,0.9324576240097567
3,-0.5013666122400214,0.11792814438612821
3,-0.43085932488133283,-0.9447465122994249
1,2.0382736222053586,0.22674110353713917
4,-1.9743023671924311,1.3240374521993135
3,0.0649493460555521,-1.0996478967950947
3,-0.06986068083235547,-0.7832237807088769
1,0.15382612844959573,0.4993656758131451
3,-1.699473584482828,-1.4714372636209316
2,-0.4235326808984687,0.7279161247521677
1,0.14332395126297162,0.2311330891616051
1,1.606837940909107,-1.1630777613491712
4,-0.8093945920076133,2.2974924940891746
3,0.4818063548754098,1.2210590148981753
3,-0.6730975722202488,0.10873497715434442
3,-1.1116181686647826,-0.3581122082968552
3,-0.2055321110979587,-0.21225442319762788
1,1.4973240221757553,-1.461894567457043
3,-0.6605136650436207,0.2829869768583308
3,-1.620643632113603,-0.6406465785028385
4,-2.4452897014600175,0.19938322538777858
1,2.5526603626196165,0.08983524308396908
2,-0.5715279515173496,-0.3246913571287567
1,1.3040711586772484,-0.12214459135215155
4,0.6280254062426777,0.09282543557821897
1,1.069575660089361,-0.13974442493346897
4,-0.33675131266772157,0.18846588494468777
1,1.134962862341339,-0.22184446433939514
4,-0.8413465740086427,0.6599927634193544
1,1.1692670976041892,-1.1937039827236564
2,0.36260950172644746,0.35034049578363635
3,-0.33348114908678983,0.3978766038081664
2,-0.8073992398005261,-1.9381092194672613
2,-0.8017589068491976,-0.8077003544597221
1,1.7600768642804838,0.06166319551415912
3,1.1022391453140017,0.7841418219635937
2,-0.026790907548745125,-0.24710598032815986
2,-0.7736296369903966,-0.800369258911179
2,-0.19341073900543226,0.9030420289602414
1,0.7080348832405208,-0.23695476393461123
3,0.10002941432832343,-1.0547780618424678
3,-0.2356310541035041,0.5448248205153681
2,0.7737179528146609,-0.9565971849226601
3,-1.7386685980838277,-0.8158848220920796
1,-0.0768925625360996,-0.1621909026244312
3,-0.11418400582251369,0.01540119946128127
2,-0.8725899140980973,0.727615593591064
1,0.7454694753289496,-1.593733338004281
3,-1.1223199768293566,-0.4998907016326174
3,-0.45620086861690035,0.6238819906537233
4,0.4387981146306538,2.0466690648922747
4,-0.3278333397780719,2.105372096614704
1,0.4142229087548422,-0.15208867423021177
4,0.20208897634979256,0.18046752160613105
4,0.10409960144314839,0.8375748398724944
1,2.1910171910072336,-0.6064463566476868
3,-0.8278345498563694,-0.13952557095153428
1,1.0885008623848005,0.32056246703405217
1,1.2058132726156585,0.9541409370420698
4,0.6968344328527668,0.7458474536897632
2,-1.0801414299043945,-1.339177278048543
1,-0.055672938197455175,-0.24341954703532698
2,0.934147528112451,0.9687294464268205
4,-0.6932683376451511,-0.2753387182698454
2,0.3160724410379962,-1.953198189484457
1,0.4886556146436074,0.7227126202630212
1,0.7656072682967666,-0.2272559371863062
2,1.2149488107219417,-0.1890059691756837
2,-0.9828995540723685,-2.280121154700892
3,-0.22015128423347138,0.991264047857447
1,1.890621427638857,1.2627803920879062
3,-1.3161068824407427,-0.6460773988299786
1,1.733259621917213,-0.03616701679971339
4,-0.05276801166415081,0.08489289525944388
2,-0.37903937096035945,-0.6317518638603331
2,-0.6635213899718438,-0.05271136816652736
4,0.005713122078829337,1.535438463962007
1,-1.1312430712212034,-2.415074240350771
3,-0.6328892620204185,0.3655435756604443
4,-1.6335061057997864,1.7954863340205318
1,1.3240005119004608,0.8437884286286242
1,1.770269315334718,-0.8684400198183084
3,0.2025836740214594,-1.4379561984869251
1,-0.1501734948797951,-0.45298872866381545
1,1.66307569159475,-0.1154129644849387
3,-0.860250844838881,1.1657531808830683
3,0.08105909464754987,-0.25732900043197876
4,-1.9389833741480507,-0.6341398923888593
3,-2.462530322659801,0.8061697596237706
4,0.7775925775144467,-0.4698786820502882
3,-0.9437549950897627,0.4283614449691081
2,1.4380850431576604,2.4442749378761865
3,-1.704952881698684,-0.5156694158102116
2,0.2548595142961537,0.8524593374451548
1,1.3698672883310132,-1.3403131729888447
2,0.10787321067817261,-0.7214101273073484
1,1.0736371792315218,-0.7556527837079956
4,0.1465576763501894,2.064356915169441
3,-0.4041149693518236,2.3826660721279933
2,0.6116955754937485,-0.9097708278663741
1,2.0775153074139387,0.797647461104807
4,0.547393891461093,-0.4834099692765398
2,-1.5428524969888742,-1.1076817900556462
3,-0.07037959729176232,0.3709933930363035
3,-0.6727345339296864,1.3728754809866182
2,1.0977247857332928,1.73827152107512
1,0.9220042332547917,-0.7646210536183916
2,1.8067528634605026,-0.07506212839063019
4,-0.644588522361924,-0.3228406757382908
4,-0.05330054293080234,-0.9182419937970024
2,-0.1558239605317222,0.548409307367351
4,0.628866219247016,0.03977010643468121
1,0.10574147333095253,0.6558639865798558
1,-0.448768326973961,-0.7992142710012627
4,-0.19441037631346397,0.3275185489777829
1,1.2244889657139442,-0.379127975067894
2,-0.45338757344997876,-0.6573620168688504
3,-2.218933920898111,-0.6693871838427946
2,0.3900316941449728,-0.6080750679030689
1,0.4433991940309337,-0.511234273965013
4,0.23378284257744728,-0.4338708180304401
4,1.8303905728203451,0.5302348160587563
4,-0.2541150465658688,1.2340395734813125
1,0.51651793243799,0.08738235935653055
1,0.1809617366673033,-0.15029510080855368
3,-0.8868258685233505,-0.7925537236553989
1,-0.4759980132107636,-1.5443099386997927
1,0.24643314437857236,-0.42106953565661626
4,0.3662288978689261,0.48239672322728266
4,-1.1484319582414382,0.30987135139067795
2,0.48923734860581086,-1.6650917278558408
4,-0.7865350441912305,1.2975364749405542
1,0.10791106503812935,-1.3577559952736642
4,0.06344200107121306,-0.099439449793189
3,-0.0099533746234526,-0.4809856640705639
3,0.25349984368134965,-0.535875875009045
4,0.7480563239528127,-1.09414723199179
1,0.8584977921624758,-0.07844850346762859
3,0.4835936940820946,0.3805008731555793
1,0.8768655229188772,-0.37778386175367423
2,-0.25048549606019044,0.7454628232678236
1,-1.1529989862081278,0.7366383806995931
1,1.7572401788305558,0.4029177660502012
1,-0.9071123145087425,0.9725929486363941
2,0.665864441287163,0.26683474459291145
4,0.39327381234242836,-0.009410157217185508
1,1.8363661814731604,-2.3766743211471644
3,0.369036839850803,-2.019329355585533
3,-1.3006707060509914,-0.5056086248056948
4,1.4981208061040296,-0.022997350476410525
4,-0.06308279372515128,-0.12724820069817463
3,0.4263193209877905,-1.924773701413626
3,0.5309992485812703,-1.983650873746237
3,0.5727936505290355,2.1110876377708427
3,-1.487034342044008,-2.528842538473483
1,0.33884854157826944,0.45752681686286173
3,0.10563045575827712,0.841103031827784
4,-0.640806835696606,-0.125392474747199
2,-0.521748040877352,0.6836758332329561
1,1.5020851271618854,-0.9395855527916129
2,0.7582652730442657,0.2377334796184438
2,-0.7753658014516297,-0.7756101272268443
1,0.544856379835355,0.732770253533363
1,0.6069460237262706,-0.3321500712688605
2,-0.19096884570601141,0.251795555237659
1,1.0405337718465535,-1.7233551181883247
3,0.16452288788504998,0.5878155310085547
1,2.6935472549574992,-0.13734716552334153
2,0.27969347697897495,0.6956474273557819
4,0.1238089193372979,1.2263553595288663
4,-1.0818607257191863,-0.40120614938126753
4,0.37828694861424017,0.13989010882091835
1,1.3473077118965606,-0.285671752413801
1,1.820201637635799,1.391729993272025
4,-0.6831996377813077,1.1261890707073292
1,1.0533014148659772,1.3848062645916566
2,0.32094821358063125,0.5204843896444118
3,-2.3297513169946793,-1.1314590136688467
2,0.3281943113254136,0.8343964167181832
3,-1.2964597012343284,-0.6561005683873993
4,-0.5908474731506149,2.136629080321933
4,-0.9031255138383315,0.6961358529905791
3,-0.8409639694648599,1.7988142212331315
3,-0.2579120484970098,-0.932148570234851
2,-1.801061565065062,-1.5540801167662412
4,-0.482253648201943,0.5129517929894034
1,1.270595060638726,-0.10735937324212104
2,0.47391943280356763,0.605280671276365
4,-1.2988259210255626,-1.0053012088382476
2,0.46691781472104765,0.24130601500218424
1,2.328445463882685,-1.3641893911111742
3,-0.7598062796627629,-1.2693582915462993
1,1.6282482033520878,-0.08872113637055462
2,1.1990439112680569,-0.3985731480621383
1,1.5065581654364224,-0.6014122392476385
4,1.0013995582187087,0.4455593247272366
2,-0.7052591605186892,0.39480842971510377
2,-1.483207055194953,-0.3371409449807443
4,0.15201917661544526,1.8526013626555748
2,0.4811255695796131,0.031586281178227954
2,1.5902365915594638,0.5008772126342532
1,-0.5853074204760498,2.1611492915215424
1,0.5331290477275475,-1.2678393922166415
4,1.2515929877920273,0.7050028181717207
3,-1.8097971474395014,-0.8640286623624657
4,-1.4286237441392284,-0.21651393658601487
4,0.5954897289582343,-0.018125364016119392
4,-1.891351887817492,-0.04349041675245077
4,-1.904452420559711,0.5504167158213834
3,-0.4411093441132213,-0.8587871751214751
1,1.2351125001140737,0.9499753357613973
3,-0.597339151598205,-0.3792709796049483
1,1.7620768065998376,2.126257651570882
3,-1.0055591836978384,1.4900394587851395
3,-2.391367027309337,1.8300187331997877
2,0.11867013232656688,-2.6366317272938926
1,1.6223194342696177,1.0992511471539297
4,1.272471724809184,0.5113807635337224
1,-0.10908416122866918,1.3201459112134994
3,-0.3483054890407607,0.4550514114930182
4,0.3657071216622553,0.2913514890633779
2,0.3092386641590991,-0.8210523144059318
1,1.5586120379545048,1.0562432381965952
4,-1.5988104120275575,0.3412756515931522
4,0.21045555272180955,0.8097595865737671
1,1.3619198358757865,-1.6372428927719542
4,-0.30539186028591386,1.7531348656933237
1,1.402115626749665,-0.17289108777191112
3,0.6609349383359152,1.3061027711339472
4,-0.2755314054791561,1.4418339126222697
1,1.437480502934198,-0.9806014703336685
3,-0.7593496302649455,-0.19089753031831125
3,-0.12328214485465812,0.1257659099972943
4,-1.2857053451615368,-0.29062838100349264
2,-0.7775975560270771,0.03645766354295887
2,-0.024681799803864098,1.5251221459357436
4,-0.1299275031393048,1.218825782023978
3,1.2161096339420663,-0.7506094623973558
4,-0.8267938569475058,0.3772828085963952
2,0.37764303232427526,-0.09824859321208641
1,0.8905591619317639,-1.3857213806617836
4,-0.14813451350538356,-0.30899517100364315
2,0.11615989355958953,0.004636283769362984
3,-0.6987363229228373,-0.5038190847525997
2,-0.6360355831589782,-0.17294635040140166
1,0.8901221190228031,-0.41422299851185185
3,-0.23827362945453326,0.036571830716639775
1,0.7396374956721484,2.169336919115383
3,0.2781699615747295,-0.18177137651557856
3,-0.47207028188094197,-0.8585665141100897
2,-0.08703084598901342,0.14587521182802918
3,-0.417260911089817,-0.6666670001935863
2,0.6735772558007682,-1.1220522488909137
1,-0.769292753850678,0.36545074803384087
2,0.9462950195342795,-0.30515819588193666
3,-0.041339033207931745,-1.2101622668738827
1,-0.6976571446276872,-1.4592513738956976
2,0.27249842655405637,-0.877386586888887
2,0.8985304833545084,-1.0100555234215602
4,-0.39071638637572714,0.16111300111073032
2,-0.18231185255031288,-1.0978661016876679
1,0.9723126776171472,-2.5532395128360426
4,-0.10858879706438443,-0.43678008619528813
3,-0.36294092226166275,1.3502041848879858
4,-0.8322373884364755,1.4136703853525174
3,-0.4789092717613175,-1.9072472980074
3,-1.5052967723215067,-0.7879666885968768
1,0.8355790757825837,0.9898380679897198
4,-0.7527999389612833,1.2390854163204408
4,0.5047267113902962,1.1119765002195738
4,1.187965616306968,0.8117617632454631
4,0.7937544140504281,1.266029300054203
4,1.6315183165002698,-0.19531755394269712
3,-0.6701530892935358,1.0653368628032027
2,-1.1431823253693367,-0.059549858089039426
3,-0.9851773977570104,0.45898704875177626
4,-0.7858364747466446,1.3460829997278803
1,0.3748388845941264,-1.032490896851553
4,-0.7356049764866448,1.0783746546137896
4,0.055146671191021075,2.4949942339720232
3,0.6241834174058382,-1.4605371989297313
4,0.7169483348885863,-0.6031412746217475
2,-0.7244726189685637,-0.7794518275276353
2,-0.4474938319290358,0.6995495468029866
4,-0.8721656921144622,0.4926331720769567
1,0.2027669724932775,1.1870298249702655
4,-0.46798103639437927,0.4603601202898071
3,-0.5060683781847364,-1.1551595175991862
1,0.8470317085179331,0.6194397217941853
4,-1.2060093283148012,1.1121748261686528
3,-0.8206342247634903,0.7717420303706227
4,0.7910453393281917,0.6432855667002563
1,0.6699102180841944,0.42037210035255645
1,-0.34787245750139373,0.4409889207721273
1,1.6678047681528623,-1.4356402888928654
2,-0.2055814403077673,0.2607074777106092
3,-0.8925174123471897,0.31223604376039177
1,1.691139213240356,1.1434544097098598
1,-0.8070166714239905,0.26506017930496895
1,0.23708579671542906,-2.720465007664231
3,0.4682102981707892,0.5037251218999246
4,-1.3767999210125499,-0.35895879376912
3,0.1279542394145035,1.1525661083774354
3,-2.2529144872694653,-0.43169680242677133
3,-0.23118811052530708,0.8865581653871849
3,0.26655985417784256,0.2583066936503827
3,-0.7589958078879089,0.89456233791464
2,-0.2007012548467346,-1.6684786109971195
2,0.35655813749872955,-1.268646360381411
1,-1.0418389630242548,-1.5980101194543148
3,-0.6026017595062738,-0.0757682579199136
4,-0.893209217341001,-1.1597987374986074
3,-0.10754531777183905,0.5045875409045545
4,-0.9126714559280467,-0.13556744301406642
3,-1.1357626034462127,-0.028791361438513925
3,0.30355423658251623,0.5419094591326243
1,1.4488954672221397,-0.49308895089952487
1,-0.9743471740933536,-0.5675032847213615
4,-0.8183535586670685,-0.4651670841217453
3,-0.17269904741177397,0.21706767892637285
2,0.26183900321630305,1.5392729037821136
3,-1.0781611441989156,0.7430794852498885
1,1.327196516827127,0.007599876144506906
2,-1.3520743406510987,-1.0750476277115666
1,0.889953701142211,0.7978983062065258
2,-0.8740901849236719,-0.3623786271080312
1,-0.5883719068892489,0.4373063559359444
3,-1.5567653945336324,-0.13890516893676863
3,-0.8102644192433501,0.8237642090737889
4,-1.3664655576097198,0.43294340806139964
4,0.07846821673871793,0.39714719780960656
4,0.15092465911299868,0.5087245035873512
2,1.2675850625296432,-0.35347074234655224
3,-1.4108171587050158,-1.5528916254939316
4,1.0789634949404747,1.2224867959804986
4,-2.149503844646776,0.470969196300124
2,1.0647379304730233,1.2434571673541268
1,0.20141916370911445,-0.19293483675685327
3,-2.1365568312471725,-0.9019659985549209
3,-0.7213996814207482,0.49021306397988124
4,-1.1532995622264257,1.611453388284891
4,0.21164202483704916,0.13701203738146006
4,-0.0021299079025853328,0.10028400741135539
4,-1.135357252692349,0.7900814919716139
1,1.224353837932818,-0.8002646340003073
1,0.8434560826065091,0.5006763817993323
1,1.4406465956385228,0.46275974749123
1,1.1653561101606544,-0.4997800262211272
1,0.23472510263589155,-1.1513148347138242
1,2.5954218932313466,1.0738602148235268
1,0.4244552624644886,-0.14916143212998476
4,-0.04940139022613733,-0.4997565487302926
3,0.5483878767378136,0.02731033960926038
2,0.23841027636584108,1.114883285263851
2,-0.47231045193594207,0.4333481915859687
3,-0.25392607509955006,0.3090301173560644
3,-1.0985970239422924,-0.5528720784677986
4,0.5384863657060748,-0.6513065980506287
4,0.007197788132243457,0.016896347486898427
4,0.36366063293348305,1.1045334180034465
3,-3.4782490125385124,2.1995198233341484
2,-0.11744799873499234,-2.287910207856467
4,-0.8075090678712314,2.7488017177239517
3,-0.42369209246650325,0.44838053577282877
1,0.6193026278613251,-1.6971977661224582
1,1.1183826149132374,-0.5873512082151832
3,-0.5621864070248038,0.35343704686807237
3,-1.788918118759826,1.278002984649605
2,-0.6854928111563707,-0.31520258599058004
2,0.16636979466718926,0.20098570282960096
1,1.5376695657755188,0.12632584874015848
2,-1.1598726537898025,0.47508286609164496
2,-0.7119907485985301,-0.06872634727759222
4,-1.6053116079229257,-0.5977799614826956
3,-2.177716768908617,2.3241864891237745
2,0.3536309572488909,0.5968857368723435
2,-0.22863429462962534,-0.8439889934102027
3,-0.12828092453697648,0.16249253775785785
2,-0.8295821478655991,0.11594926182916132
3,-2.1988022048336053,-0.5096949123917452
4,-0.5389490476312654,1.2460347845972641
3,0.08172103666145276,-0.9359129745940077
4,-2.3421653921257484,-0.27376716816817376
2,0.4891465250188996,-0.7779278395506036
4,0.7259019180301743,0.707545080784394
2,0.12850420587044958,-0.5631067543449465
4,-0.2483608124184028,-1.1212748251668125
1,2.1328130576787636,1.0147747490018642
2,0.6160672789657263,-0.9131332102131269
4,-0.5753678822528975,0.8599279601423954
2,0.14467002960773517,-0.6580919931620912
2,-0.9180711998641674,-0.1552964035796043
1,0.15524552284953255,-0.2707688075406164
3,-0.2802136689315891,-0.21169322510905642
3,0.031538764055630955,0.6131315963539871
1,0.7683519355202352,-1.0486529615899947
2,-0.5141507184888559,0.2191557285824996
3,-0.27446439787554316,-1.3832523323355335
4,-0.3314018287775506,0.14728372078244473
4,0.10844994285824619,1.6306144137866776
1,0.800907339719198,-0.762689191039628
1,2.4191902083686063,0.739737356827188
3,-1.3516651165768154,-0.5419160112764392
1,1.5354230778592064,0.2285129732733596
3,-2.2142093713803215,1.5839434949517102
4,-0.9683178490210792,-0.15814948998709089
4,0.31186654403683733,0.08673080997911553
3,-1.2910045109244854,-1.34284987812974
2,1.2292153458889548,-0.8832932859175808
1,1.4936897281392105,0.7579249170608134
2,-0.6215307784248282,-1.7905311559083994
2,-0.06483553730228515,0.1927039762704038
2,0.523991661439432,0.653958415321489
4,0.5235084273084633,-0.8174501176165616
1,0.22808832799412268,-2.4493953592572484
3,-0.22279323651672667,0.9950016244082144
1,0.612584487204555,0.4050615284837223
3,-0.701561859898952,2.0448243318206267
1,1.750731695690844,0.23010417049270102
2,0.7098246854193336,-0.22863659436899317
4,-1.203933820814072,0.7160430571371255
1,-0.028053681365613356,-0.4101537247442176
3,0.08151804829065412,-0.8955468589947626
4,-0.5967476311952926,1.7149612975125557
4,1.656184371491568,-0.09411372901360773
3,-0.10590932712233514,0.5925605776646161
1,1.6789604260290578,0.44041960930816
4,-1.0820359422577865,-0.6847644137862936
4,-1.147174422681569,-0.5509662903613783
4,0.006739189566623407,0.04662604974811722
3,-0.13389314229923321,-0.4763895977694779
2,-1.0831770117561803,0.6528109219004857
1,2.492961707050221,-0.225891045919216
1,-0.13095268571250207,-0.563473776308222
3,-1.3693235251718767,0.7509671426314152
1,0.685189558255269,-1.1178814212747379
1,1.7773508208566593,-0.9366821683059124
2,-0.26072838325841813,-2.112332133929778
1,2.0535010496515453,1.0980106099344331
4,0.13353873282023754,-0.12824722676714378
3,0.48884535141788277,-0.4341016834053515
3,0.10773281711625896,-0.3567876281278611
4,-0.9262939108721299,2.0210297245530233
2,0.94537228126203,-0.8162578541428384
4,0.033196414073647054,0.6982897754467963
4,-1.2490884273180154,0.576690819310326
3,-1.6877636978916482,-0.5085967458998125
2,-1.1193665634878986,1.669371262602422
1,3.336780977400248,-0.5764118289044361
1,0.20421839199890154,-1.272511431546592
3,-2.032347783692289,-0.048742011213448254
1,0.1896187858739502,-0.491528523005491
3,0.3110065811727283,1.1045215624374085
3,-0.5416260558164001,-0.11744138391084367
4,0.15694362806047088,-0.14060930681830383
1,1.19590198518806,0.5592601935816922
1,-0.12789282706259122,0.3931225490716998
1,2.001450782774289,-0.4434488092548134
4,1.205659343380594,0.3848478553258
3,-0.7919624102863577,0.2574677827683236
3,1.0505406118015008,0.9838330982906115
3,-1.1930817897518502,0.8731542886648709
3,1.3401033711902033,0.005033234254168625
4,0.5279297057180379,-0.7187281293781872
2,1.2818832784487073,-0.5148153622120509
4,-1.961360103509846,0.11776029086279476
4,-1.7920237630050022,1.4188205078631146
1,0.48000422196387843,-0.6500667162861549
4,-1.099599033128534,-1.0042504265396661
1,1.6378715622955073,0.3559974068941719
3,-0.24291680706902996,-1.2366356738985698
4,-1.2110500282987142,1.1833292156817878
2,0.8568221014152236,0.9984588941496235
1,0.06509254369376179,-0.6677750573982629
4,-0.4237668671781908,1.342171453185225
2,0.7207925264935119,1.9140096440633638
4,0.48111944072850515,-0.06149805766774641
1,2.3143652225597418,-0.9682355412003979
3,-1.1218338700872907,-0.3239052015034396
1,1.097686373254222,-0.5292180995347124
2,1.0603652134176316,-0.08845956607616265
4,0.46543467136921696,0.7277135878185498
2,0.2648766127891905,0.008946795563464035
1,0.695993887063184,-2.1841989004719764
1,0.18828726809133006,-1.2513484173135507
3,-1.3345943309960098,0.45401142370306335
3,1.3046220859545143,0.8657360550664197
1,0.6611070627903278,-0.22879838826974308
2,-1.037923070487613,-0.9588110870749948
1,-0.1265578688482036,0.21399887033793977
4,0.4300699735313605,1.4943057827367219
2,-0.08558875250533222,-0.13271550951200226
3,1.6751397946995932,1.80645990237072
1,-0.568946863229057,-1.0646022802022752
4,-0.4189721499135598,1.650432835036847
4,-0.9155763195697428,0.17320953751006068
1,1.9571630462340144,-0.6196103435739646
1,-0.36853402199693736,-1.616581736154351
3,0.1981515959809469,1.2039794258446477
4,-1.5013601596902828,2.2815756726182905
1,-0.20408968407206526,-1.2736248391515201
4,0.5505774495042413,-1.0366728673274141
4,0.2750560015575991,1.3497152511129686
1,1.9005231522307635,-0.16437560243876026
4,0.8073282475372485,1.011441454713787
1,0.13020080300583214,-1.9259204482188084
2,-2.272897092112568,0.1775279202804328
2,-0.7715078520873225,0.04614768892338075
4,-1.8466107754732102,1.3144915075033508
1,0.6942421115903944,0.8270924198871723
2,0.7687614804158311,-0.4392577349828247
4,0.04198068039275508,-0.9868262840689123
4,2.090270684634774,0.6172437108569137
4,0.3994751242570189,-0.3055948408900649
3,-1.8450020227442867,-0.5526370545608736
3,-1.4948809506181615,-0.1365041810221323
1,0.41081908047098464,0.3193316883307262
1,0.5623854066018051,-1.085500049493746
2,-0.11471483085816321,-0.39063061468050914
3,0.1422647260408631,-0.17238197338984584
4,-0.8124140408990056,0.7235412108667948
1,1.5065100252797572,-0.8795332035361341
4,-1.0224017330877986,0.5492645615652664
4,1.2741136828140225,-0.7313932675390956
4,-0.6598091784522293,1.588278723133138
4,-0.7623504276295692,1.0881815104256138
4,-0.7009457923928819,-0.49394418391988615
1,0.034407153558066714,0.5670012427861437
2,-0.5586916178111623,1.1262305184083088
4,1.7306271722383022,2.7181934261724248
3,-0.5716199383677565,2.199365335922837
4,-1.2026292344915201,-0.4268815118732596
2,-0.0969671512138963,1.7444749174397987
2,0.17322628345355273,-0.20637688781871577
1,0.9208155845180584,-0.1346865523255943
4,-1.743280109759294,1.7799336494787381
2,1.2152781689115082,0.605573662865875
1,0.3228655275341998,2.3884134254215295
3,-1.6913097767364496,-1.4163999952391224
3,-0.07973204859005503,1.3749723611509685
1,1.4844533696758688,-0.2580518936904771
1,0.4274515539951771,-1.3985911866645542
3,-1.4689122924809535,-2.085721999362384
3,-1.5229456363056726,-0.5201471241669076
2,-0.5460155736804344,-0.859677445196414
4,-0.32017038963632977,0.2648982046660082
3,-0.6978245818556505,-2.260471071904916
1,0.051018971683495694,-0.10392694650534652
4,-0.05747354990961287,-0.9261060171450616
3,-1.4980740026892279,-0.0401381651220157
1,2.6460208451112512,-0.3373447550559606
4,0.7370280522062591,1.2678994611631442
3,-1.7674664343965454,-0.36219255304402903
2,-1.0586521839265437,0.32343174754368326
2,-0.366694661316037,-1.5068615879679887
3,-1.2114798426392952,0.7059512347563112
3,-2.4799877821647542,-0.050223323578846665
3,-0.595496302235604,-0.23573721336233183
3,-0.19964402795607708,-0.31940654268579266
1,0.9894617667749865,1.8851755844543707
4,-1.5276928676245898,0.3455538557515588
2,-0.45373314402912146,0.7664116077029066
2,-0.16209103254394092,-1.00478881252117
4,0.28801670499217474,0.5647301801444312
1,0.9796271439335343,-0.1302940302057757
2,0.6588344686188723,0.4820376672530587
1,0.7083930399945297,-1.5031395529252043
4,0.03231462951950344,0.4038976422106477
3,0.4611813599102754,-0.3746376284359759
4,0.23724881680313648,2.454496737900754
2,-0.4730307688522712,-0.39039544846153923
1,0.9201773537599162,0.8089723634061139
3,-1.5813209491680815,-0.9762155097719654
2,-0.1015523884625929,-0.24709424219184606
4,0.8328911741093362,1.6763516324383305
